pool	anchorF	anchorR	length	BC1	BC2	sample	reference	recoded
rsgApool	CCATTGTTTTGT	TACACGCAATTG	1192	GGGCGAAGTAAA	GCTTGCACTTAC	rsgA_1	CCATTGTTTTGTCGTTCCTGATCCGGCCTACATGCCGGATCCTGAAAAAAAGGGGACGATTCTAACGACGGTTAGCTTAATTGTCAGTCATCCGTATCAGAAAAGTTTTTACGCGTTTTTACCTGCGCCATGCTTTCCAGAATACGGTGATAGTTTTCGAAACGGGTTTCCGCGATTTTCCCTTCCTCAACCGCTTCCCGGATAGCGCAGCCCGGATCGGTATCGTGTTTGCAATCGCGATATTTACACAGACCTAAATAGTCATGGAATTCGACAAAGCCCTGAGTGATTTGTTCCGGCTCCAGGTGCCAGAGGCCGAACTCACGCACTCCTGGGGAGTCAATCACATCACCGCCGTGCGGGAAGTGATACAGCCGAGCGGCGGTCGTGGTGTGCTGACCGAGCCCCGAGTTGTCAGAGATATCGTTGGTCAGGATCTCTTTTTGCAGCCCCAGCAACGCATTCAGCAGGCTGGATTTGCCGACGCCAGACTGCCCGGCAAAAATGCTGATGCGCCCGGTCAACGCCTCTTCCAGCGGTTTTAGCCCATCCTGAGTATGGCTGGAAACCATCAATACGCGATAACCGATATTGCGGTAGATATCCATCTGCTCGTTGACGAACGCCATGCCTTCGTCGTCCAGCAGGTCTATCTTGTTGAGCACAATAATCGGCTCAATCTGCAAGGTTTCGCAGGCCACCAGGTAACGGTCGATAATATTGAGCGACAGCTCCGGCAAAATGGCGGAGACAATGACAATCTGGTCGATGTTGGCGGCAATAGGTTTTACGCCGTCGTAGAAATCCGGACGCGTCAACACCGAGGTACGCTCATGCACCGCTTCCACGATCCCTTTGACATTTACGCCTTCCGCCGCCGGTTTACCCGGACGCCAGACTACGCGGTCGCCGGTTACCAGCGAACGGATGGTACGGCGAATATTGCAGCGGTGAACGTCGCCATCGGCGGATTCCACATCAGCGTGCATACCAAAGCGGCTGATGACGATACCTTCATCAGGCTCGCCAAACAGATTGTCGTCGTAGTCGGGCTTCTCCTTAGACGTTTTAAGACGACGCTGGTGATTGGCGTTCACGCGGCGCTGCTGGCCTTTGGAGAGTTTATTTTTACTCAATCGTACAGACTCCTGGTCGCCCCTGATGGGCAAAACATCTATGATACACGCAATTG	CCATTGTTTTGTCGTTCCTGATCCGGCCTACATGCCGGATCCTGAAAAAAAGGGGACGATTCTAACGACGGTTAGCTTAATTGTCAGTCATCCGTATCAGAAAAGTTTTTACGCGTTTTTACCTGCGCCATGCTTTCCAGAATACGGTGATAGTTTTCGAAACGGGTTTCCGCGATTTTCCCTTCCTCAACCGCTTCCCGGATAGCGCAGCCCGGATCGGTATCGTGTTTGCAATCGCGATATTTACACAGACCGAGATAGTCATGGAATTCGACAAAGCCCTGAGTGATTTGTTCCGGCTCCAGGTGCCAGAGGCCGAACTCACGCACTCCTGGGGAGTCAATCACATCACCGCCGTGCGGGAAGTGATACAGCCGAGCGGCGGTCGTGGTGTGCTGACCGAGCCCGCTGTTGTCAGAGATATCGTTGGTCAGGATCTCTTTTTGCAGCCCCAGTAGCGCATTCAGCAGGCTGGATTTGCCGACGCCAGACTGCCCGGCAAAAATGCTGATGCGCCCGGTTAGCGCCTCTTCCAGCGGTTTTAGCCCATCCTGAGTATGGCTGGAAACCATTAGTACGCGATAACCGATATTGCGGTAGATATCCATCTGCTCGTTGACGAACGCCATGCCTTCGTCGTCCAGCAGGTCTATCTTGTTGAGCACAATAATCGGCTCAATCTGTAGGGTTTCGCAGGCCACCAGGTAACGGTCGATAATATTGAGGCTCAGCTCCGGTAGAATGGCGGAGACAATGACAATCTGGTCGATGTTGGCGGCAATAGGTTTTACGCCGTCGTAGAAATCCGGACGCGTTAGCACGCTGGTACGCTCATGCACCGCTTCCACGATCCCTTTGACATTTACGCCTTCCGCCGCCGGTTTACCCGGACGCCAGACTACGCGGTCGCCGGTTACCAGGCTACGGATGGTACGGCGAATATTGCAGCGGTGAACGTCGCCATCGGCGGATTCCACATCAGCGTGCATACCAAAGCGGCTGATGACGATACCTTCATCAGGCTCGCCAAACAGATTGTCGTCGTAGTCGGGCTTCTCCTTAGACGTTTTAAGACGACGCTGGTGATTGGCGTTCACGCGGCGCTGCTGGCCTTTGGAGAGTTTATTTTTACTCAATCGTACAGACTCCTGGTCGCCCCTGATGGGCAAAACATCTATGATACACGCAATTG
rsgApool	CCATTGTTTTGT	TACACGCAATTG	1192	GGCACTTTTCAC	GCTTGCACTTAC	rsgA_2	CCATTGTTTTGTCGTTCCTGATCCGGCCTACATGCCGGATCCTGAAAAAAAGGGGACGATTCTAACGACGGTTAGCTTAATTGTCAGTCATCCGTATCAGAAAAGTTTTTACGCGTTTTTACCTGCGCCATGCTTTCCAGAATACGGTGATAGTTTTCGAAACGGGTTTCCGCGATTTTCCCTTCCTCAACCGCTTCCCGGATAGCGCAGCCCGGATCGGTATCGTGTTTGCAATCGCGATATTTACACAGACCTAAATAGTCATGGAATTCGACAAAGCCCTGAGTGATTTGTTCCGGCTCCAGGTGCCAGAGGCCGAACTCACGCACTCCTGGGGAGTCAATCACATCACCGCCGTGCGGGAAGTGATACAGCCGAGCGGCGGTCGTGGTGTGCTGACCGAGCCCCGAGTTGTCAGAGATATCGTTGGTCAGGATCTCTTTTTGCAGCCCCAGCAACGCATTCAGCAGGCTGGATTTGCCGACGCCAGACTGCCCGGCAAAAATGCTGATGCGCCCGGTCAACGCCTCTTCCAGCGGTTTTAGCCCATCCTGAGTATGGCTGGAAACCATCAATACGCGATAACCGATATTGCGGTAGATATCCATCTGCTCGTTGACGAACGCCATGCCTTCGTCGTCCAGCAGGTCTATCTTGTTGAGCACAATAATCGGCTCAATCTGCAAGGTTTCGCAGGCCACCAGGTAACGGTCGATAATATTGAGCGACAGCTCCGGCAAAATGGCGGAGACAATGACAATCTGGTCGATGTTGGCGGCAATAGGTTTTACGCCGTCGTAGAAATCCGGACGCGTCAACACCGAGGTACGCTCATGCACCGCTTCCACGATCCCTTTGACATTTACGCCTTCCGCCGCCGGTTTACCCGGACGCCAGACTACGCGGTCGCCGGTTACCAGCGAACGGATGGTACGGCGAATATTGCAGCGGTGAACGTCGCCATCGGCGGATTCCACATCAGCGTGCATACCAAAGCGGCTGATGACGATACCTTCATCAGGCTCGCCAAACAGATTGTCGTCGTAGTCGGGCTTCTCCTTAGACGTTTTAAGACGACGCTGGTGATTGGCGTTCACGCGGCGCTGCTGGCCTTTGGAGAGTTTATTTTTACTCAATCGTACAGACTCCTGGTCGCCCCTGATGGGCAAAACATCTATGATACACGCAATTG	CCATTGTTTTGTCGTTCCTGATCCGGCCTACATGCCGGATCCTGAAAAAAAGGGGACGATTCTAACGACGGTTAGCTTAATTGTCAGTCATCCGTATCAGAAAAGTTTTTACGCGTTTTTACCTGCGCCATGCTTTCCAGAATACGGTGATAGTTTTCGAAACGGGTTTCCGCGATTTTCCCTTCCTCAACCGCTTCCCGGATAGCGCAGCCCGGATCGGTATCGTGTTTGCAATCGCGATATTTACACAGACCGAGATAGTCATGGAATTCGACAAAGCCCTGAGTGATTTGTTCCGGCTCCAGGTGCCAGAGGCCGAACTCACGCACTCCTGGGGAGTCAATCACATCACCGCCGTGCGGGAAGTGATACAGCCGAGCGGCGGTCGTGGTGTGCTGACCGAGCCCGCTGTTGTCAGAGATATCGTTGGTCAGGATCTCTTTTTGCAGCCCCAGTAGCGCATTCAGCAGGCTGGATTTGCCGACGCCAGACTGCCCGGCAAAAATGCTGATGCGCCCGGTTAGCGCCTCTTCCAGCGGTTTTAGCCCATCCTGAGTATGGCTGGAAACCATTAGTACGCGATAACCGATATTGCGGTAGATATCCATCTGCTCGTTGACGAACGCCATGCCTTCGTCGTCCAGCAGGTCTATCTTGTTGAGCACAATAATCGGCTCAATCTGTAGGGTTTCGCAGGCCACCAGGTAACGGTCGATAATATTGAGGCTCAGCTCCGGTAGAATGGCGGAGACAATGACAATCTGGTCGATGTTGGCGGCAATAGGTTTTACGCCGTCGTAGAAATCCGGACGCGTTAGCACGCTGGTACGCTCATGCACCGCTTCCACGATCCCTTTGACATTTACGCCTTCCGCCGCCGGTTTACCCGGACGCCAGACTACGCGGTCGCCGGTTACCAGGCTACGGATGGTACGGCGAATATTGCAGCGGTGAACGTCGCCATCGGCGGATTCCACATCAGCGTGCATACCAAAGCGGCTGATGACGATACCTTCATCAGGCTCGCCAAACAGATTGTCGTCGTAGTCGGGCTTCTCCTTAGACGTTTTAAGACGACGCTGGTGATTGGCGTTCACGCGGCGCTGCTGGCCTTTGGAGAGTTTATTTTTACTCAATCGTACAGACTCCTGGTCGCCCCTGATGGGCAAAACATCTATGATACACGCAATTG
rsgApool	CCATTGTTTTGT	TACACGCAATTG	1192	CTATCTCCAGCA	GCTTGCACTTAC	rsgA_3	CCATTGTTTTGTCGTTCCTGATCCGGCCTACATGCCGGATCCTGAAAAAAAGGGGACGATTCTAACGACGGTTAGCTTAATTGTCAGTCATCCGTATCAGAAAAGTTTTTACGCGTTTTTACCTGCGCCATGCTTTCCAGAATACGGTGATAGTTTTCGAAACGGGTTTCCGCGATTTTCCCTTCCTCAACCGCTTCCCGGATAGCGCAGCCCGGATCGGTATCGTGTTTGCAATCGCGATATTTACACAGACCTAAATAGTCATGGAATTCGACAAAGCCCTGAGTGATTTGTTCCGGCTCCAGGTGCCAGAGGCCGAACTCACGCACTCCTGGGGAGTCAATCACATCACCGCCGTGCGGGAAGTGATACAGCCGAGCGGCGGTCGTGGTGTGCTGACCGAGCCCCGAGTTGTCAGAGATATCGTTGGTCAGGATCTCTTTTTGCAGCCCCAGCAACGCATTCAGCAGGCTGGATTTGCCGACGCCAGACTGCCCGGCAAAAATGCTGATGCGCCCGGTCAACGCCTCTTCCAGCGGTTTTAGCCCATCCTGAGTATGGCTGGAAACCATCAATACGCGATAACCGATATTGCGGTAGATATCCATCTGCTCGTTGACGAACGCCATGCCTTCGTCGTCCAGCAGGTCTATCTTGTTGAGCACAATAATCGGCTCAATCTGCAAGGTTTCGCAGGCCACCAGGTAACGGTCGATAATATTGAGCGACAGCTCCGGCAAAATGGCGGAGACAATGACAATCTGGTCGATGTTGGCGGCAATAGGTTTTACGCCGTCGTAGAAATCCGGACGCGTCAACACCGAGGTACGCTCATGCACCGCTTCCACGATCCCTTTGACATTTACGCCTTCCGCCGCCGGTTTACCCGGACGCCAGACTACGCGGTCGCCGGTTACCAGCGAACGGATGGTACGGCGAATATTGCAGCGGTGAACGTCGCCATCGGCGGATTCCACATCAGCGTGCATACCAAAGCGGCTGATGACGATACCTTCATCAGGCTCGCCAAACAGATTGTCGTCGTAGTCGGGCTTCTCCTTAGACGTTTTAAGACGACGCTGGTGATTGGCGTTCACGCGGCGCTGCTGGCCTTTGGAGAGTTTATTTTTACTCAATCGTACAGACTCCTGGTCGCCCCTGATGGGCAAAACATCTATGATACACGCAATTG	CCATTGTTTTGTCGTTCCTGATCCGGCCTACATGCCGGATCCTGAAAAAAAGGGGACGATTCTAACGACGGTTAGCTTAATTGTCAGTCATCCGTATCAGAAAAGTTTTTACGCGTTTTTACCTGCGCCATGCTTTCCAGAATACGGTGATAGTTTTCGAAACGGGTTTCCGCGATTTTCCCTTCCTCAACCGCTTCCCGGATAGCGCAGCCCGGATCGGTATCGTGTTTGCAATCGCGATATTTACACAGACCGAGATAGTCATGGAATTCGACAAAGCCCTGAGTGATTTGTTCCGGCTCCAGGTGCCAGAGGCCGAACTCACGCACTCCTGGGGAGTCAATCACATCACCGCCGTGCGGGAAGTGATACAGCCGAGCGGCGGTCGTGGTGTGCTGACCGAGCCCGCTGTTGTCAGAGATATCGTTGGTCAGGATCTCTTTTTGCAGCCCCAGTAGCGCATTCAGCAGGCTGGATTTGCCGACGCCAGACTGCCCGGCAAAAATGCTGATGCGCCCGGTTAGCGCCTCTTCCAGCGGTTTTAGCCCATCCTGAGTATGGCTGGAAACCATTAGTACGCGATAACCGATATTGCGGTAGATATCCATCTGCTCGTTGACGAACGCCATGCCTTCGTCGTCCAGCAGGTCTATCTTGTTGAGCACAATAATCGGCTCAATCTGTAGGGTTTCGCAGGCCACCAGGTAACGGTCGATAATATTGAGGCTCAGCTCCGGTAGAATGGCGGAGACAATGACAATCTGGTCGATGTTGGCGGCAATAGGTTTTACGCCGTCGTAGAAATCCGGACGCGTTAGCACGCTGGTACGCTCATGCACCGCTTCCACGATCCCTTTGACATTTACGCCTTCCGCCGCCGGTTTACCCGGACGCCAGACTACGCGGTCGCCGGTTACCAGGCTACGGATGGTACGGCGAATATTGCAGCGGTGAACGTCGCCATCGGCGGATTCCACATCAGCGTGCATACCAAAGCGGCTGATGACGATACCTTCATCAGGCTCGCCAAACAGATTGTCGTCGTAGTCGGGCTTCTCCTTAGACGTTTTAAGACGACGCTGGTGATTGGCGTTCACGCGGCGCTGCTGGCCTTTGGAGAGTTTATTTTTACTCAATCGTACAGACTCCTGGTCGCCCCTGATGGGCAAAACATCTATGATACACGCAATTG
rsgApool	CCATTGTTTTGT	TACACGCAATTG	1192	TGATGGGCCTAA	GCTTGCACTTAC	rsgA_4	CCATTGTTTTGTCGTTCCTGATCCGGCCTACATGCCGGATCCTGAAAAAAAGGGGACGATTCTAACGACGGTTAGCTTAATTGTCAGTCATCCGTATCAGAAAAGTTTTTACGCGTTTTTACCTGCGCCATGCTTTCCAGAATACGGTGATAGTTTTCGAAACGGGTTTCCGCGATTTTCCCTTCCTCAACCGCTTCCCGGATAGCGCAGCCCGGATCGGTATCGTGTTTGCAATCGCGATATTTACACAGACCTAAATAGTCATGGAATTCGACAAAGCCCTGAGTGATTTGTTCCGGCTCCAGGTGCCAGAGGCCGAACTCACGCACTCCTGGGGAGTCAATCACATCACCGCCGTGCGGGAAGTGATACAGCCGAGCGGCGGTCGTGGTGTGCTGACCGAGCCCCGAGTTGTCAGAGATATCGTTGGTCAGGATCTCTTTTTGCAGCCCCAGCAACGCATTCAGCAGGCTGGATTTGCCGACGCCAGACTGCCCGGCAAAAATGCTGATGCGCCCGGTCAACGCCTCTTCCAGCGGTTTTAGCCCATCCTGAGTATGGCTGGAAACCATCAATACGCGATAACCGATATTGCGGTAGATATCCATCTGCTCGTTGACGAACGCCATGCCTTCGTCGTCCAGCAGGTCTATCTTGTTGAGCACAATAATCGGCTCAATCTGCAAGGTTTCGCAGGCCACCAGGTAACGGTCGATAATATTGAGCGACAGCTCCGGCAAAATGGCGGAGACAATGACAATCTGGTCGATGTTGGCGGCAATAGGTTTTACGCCGTCGTAGAAATCCGGACGCGTCAACACCGAGGTACGCTCATGCACCGCTTCCACGATCCCTTTGACATTTACGCCTTCCGCCGCCGGTTTACCCGGACGCCAGACTACGCGGTCGCCGGTTACCAGCGAACGGATGGTACGGCGAATATTGCAGCGGTGAACGTCGCCATCGGCGGATTCCACATCAGCGTGCATACCAAAGCGGCTGATGACGATACCTTCATCAGGCTCGCCAAACAGATTGTCGTCGTAGTCGGGCTTCTCCTTAGACGTTTTAAGACGACGCTGGTGATTGGCGTTCACGCGGCGCTGCTGGCCTTTGGAGAGTTTATTTTTACTCAATCGTACAGACTCCTGGTCGCCCCTGATGGGCAAAACATCTATGATACACGCAATTG	CCATTGTTTTGTCGTTCCTGATCCGGCCTACATGCCGGATCCTGAAAAAAAGGGGACGATTCTAACGACGGTTAGCTTAATTGTCAGTCATCCGTATCAGAAAAGTTTTTACGCGTTTTTACCTGCGCCATGCTTTCCAGAATACGGTGATAGTTTTCGAAACGGGTTTCCGCGATTTTCCCTTCCTCAACCGCTTCCCGGATAGCGCAGCCCGGATCGGTATCGTGTTTGCAATCGCGATATTTACACAGACCGAGATAGTCATGGAATTCGACAAAGCCCTGAGTGATTTGTTCCGGCTCCAGGTGCCAGAGGCCGAACTCACGCACTCCTGGGGAGTCAATCACATCACCGCCGTGCGGGAAGTGATACAGCCGAGCGGCGGTCGTGGTGTGCTGACCGAGCCCGCTGTTGTCAGAGATATCGTTGGTCAGGATCTCTTTTTGCAGCCCCAGTAGCGCATTCAGCAGGCTGGATTTGCCGACGCCAGACTGCCCGGCAAAAATGCTGATGCGCCCGGTTAGCGCCTCTTCCAGCGGTTTTAGCCCATCCTGAGTATGGCTGGAAACCATTAGTACGCGATAACCGATATTGCGGTAGATATCCATCTGCTCGTTGACGAACGCCATGCCTTCGTCGTCCAGCAGGTCTATCTTGTTGAGCACAATAATCGGCTCAATCTGTAGGGTTTCGCAGGCCACCAGGTAACGGTCGATAATATTGAGGCTCAGCTCCGGTAGAATGGCGGAGACAATGACAATCTGGTCGATGTTGGCGGCAATAGGTTTTACGCCGTCGTAGAAATCCGGACGCGTTAGCACGCTGGTACGCTCATGCACCGCTTCCACGATCCCTTTGACATTTACGCCTTCCGCCGCCGGTTTACCCGGACGCCAGACTACGCGGTCGCCGGTTACCAGGCTACGGATGGTACGGCGAATATTGCAGCGGTGAACGTCGCCATCGGCGGATTCCACATCAGCGTGCATACCAAAGCGGCTGATGACGATACCTTCATCAGGCTCGCCAAACAGATTGTCGTCGTAGTCGGGCTTCTCCTTAGACGTTTTAAGACGACGCTGGTGATTGGCGTTCACGCGGCGCTGCTGGCCTTTGGAGAGTTTATTTTTACTCAATCGTACAGACTCCTGGTCGCCCCTGATGGGCAAAACATCTATGATACACGCAATTG
rsgApool	CCATTGTTTTGT	TACACGCAATTG	1192	CACTTCCTGAAC	GCTTGCACTTAC	rsgA_5	CCATTGTTTTGTCGTTCCTGATCCGGCCTACATGCCGGATCCTGAAAAAAAGGGGACGATTCTAACGACGGTTAGCTTAATTGTCAGTCATCCGTATCAGAAAAGTTTTTACGCGTTTTTACCTGCGCCATGCTTTCCAGAATACGGTGATAGTTTTCGAAACGGGTTTCCGCGATTTTCCCTTCCTCAACCGCTTCCCGGATAGCGCAGCCCGGATCGGTATCGTGTTTGCAATCGCGATATTTACACAGACCTAAATAGTCATGGAATTCGACAAAGCCCTGAGTGATTTGTTCCGGCTCCAGGTGCCAGAGGCCGAACTCACGCACTCCTGGGGAGTCAATCACATCACCGCCGTGCGGGAAGTGATACAGCCGAGCGGCGGTCGTGGTGTGCTGACCGAGCCCCGAGTTGTCAGAGATATCGTTGGTCAGGATCTCTTTTTGCAGCCCCAGCAACGCATTCAGCAGGCTGGATTTGCCGACGCCAGACTGCCCGGCAAAAATGCTGATGCGCCCGGTCAACGCCTCTTCCAGCGGTTTTAGCCCATCCTGAGTATGGCTGGAAACCATCAATACGCGATAACCGATATTGCGGTAGATATCCATCTGCTCGTTGACGAACGCCATGCCTTCGTCGTCCAGCAGGTCTATCTTGTTGAGCACAATAATCGGCTCAATCTGCAAGGTTTCGCAGGCCACCAGGTAACGGTCGATAATATTGAGCGACAGCTCCGGCAAAATGGCGGAGACAATGACAATCTGGTCGATGTTGGCGGCAATAGGTTTTACGCCGTCGTAGAAATCCGGACGCGTCAACACCGAGGTACGCTCATGCACCGCTTCCACGATCCCTTTGACATTTACGCCTTCCGCCGCCGGTTTACCCGGACGCCAGACTACGCGGTCGCCGGTTACCAGCGAACGGATGGTACGGCGAATATTGCAGCGGTGAACGTCGCCATCGGCGGATTCCACATCAGCGTGCATACCAAAGCGGCTGATGACGATACCTTCATCAGGCTCGCCAAACAGATTGTCGTCGTAGTCGGGCTTCTCCTTAGACGTTTTAAGACGACGCTGGTGATTGGCGTTCACGCGGCGCTGCTGGCCTTTGGAGAGTTTATTTTTACTCAATCGTACAGACTCCTGGTCGCCCCTGATGGGCAAAACATCTATGATACACGCAATTG	CCATTGTTTTGTCGTTCCTGATCCGGCCTACATGCCGGATCCTGAAAAAAAGGGGACGATTCTAACGACGGTTAGCTTAATTGTCAGTCATCCGTATCAGAAAAGTTTTTACGCGTTTTTACCTGCGCCATGCTTTCCAGAATACGGTGATAGTTTTCGAAACGGGTTTCCGCGATTTTCCCTTCCTCAACCGCTTCCCGGATAGCGCAGCCCGGATCGGTATCGTGTTTGCAATCGCGATATTTACACAGACCGAGATAGTCATGGAATTCGACAAAGCCCTGAGTGATTTGTTCCGGCTCCAGGTGCCAGAGGCCGAACTCACGCACTCCTGGGGAGTCAATCACATCACCGCCGTGCGGGAAGTGATACAGCCGAGCGGCGGTCGTGGTGTGCTGACCGAGCCCGCTGTTGTCAGAGATATCGTTGGTCAGGATCTCTTTTTGCAGCCCCAGTAGCGCATTCAGCAGGCTGGATTTGCCGACGCCAGACTGCCCGGCAAAAATGCTGATGCGCCCGGTTAGCGCCTCTTCCAGCGGTTTTAGCCCATCCTGAGTATGGCTGGAAACCATTAGTACGCGATAACCGATATTGCGGTAGATATCCATCTGCTCGTTGACGAACGCCATGCCTTCGTCGTCCAGCAGGTCTATCTTGTTGAGCACAATAATCGGCTCAATCTGTAGGGTTTCGCAGGCCACCAGGTAACGGTCGATAATATTGAGGCTCAGCTCCGGTAGAATGGCGGAGACAATGACAATCTGGTCGATGTTGGCGGCAATAGGTTTTACGCCGTCGTAGAAATCCGGACGCGTTAGCACGCTGGTACGCTCATGCACCGCTTCCACGATCCCTTTGACATTTACGCCTTCCGCCGCCGGTTTACCCGGACGCCAGACTACGCGGTCGCCGGTTACCAGGCTACGGATGGTACGGCGAATATTGCAGCGGTGAACGTCGCCATCGGCGGATTCCACATCAGCGTGCATACCAAAGCGGCTGATGACGATACCTTCATCAGGCTCGCCAAACAGATTGTCGTCGTAGTCGGGCTTCTCCTTAGACGTTTTAAGACGACGCTGGTGATTGGCGTTCACGCGGCGCTGCTGGCCTTTGGAGAGTTTATTTTTACTCAATCGTACAGACTCCTGGTCGCCCCTGATGGGCAAAACATCTATGATACACGCAATTG
rsgApool	CCATTGTTTTGT	TACACGCAATTG	1192	GGGCGAAGTAAA	GTATTCGAGCGT	rsgA_6	CCATTGTTTTGTCGTTCCTGATCCGGCCTACATGCCGGATCCTGAAAAAAAGGGGACGATTCTAACGACGGTTAGCTTAATTGTCAGTCATCCGTATCAGAAAAGTTTTTACGCGTTTTTACCTGCGCCATGCTTTCCAGAATACGGTGATAGTTTTCGAAACGGGTTTCCGCGATTTTCCCTTCCTCAACCGCTTCCCGGATAGCGCAGCCCGGATCGGTATCGTGTTTGCAATCGCGATATTTACACAGACCTAAATAGTCATGGAATTCGACAAAGCCCTGAGTGATTTGTTCCGGCTCCAGGTGCCAGAGGCCGAACTCACGCACTCCTGGGGAGTCAATCACATCACCGCCGTGCGGGAAGTGATACAGCCGAGCGGCGGTCGTGGTGTGCTGACCGAGCCCCGAGTTGTCAGAGATATCGTTGGTCAGGATCTCTTTTTGCAGCCCCAGCAACGCATTCAGCAGGCTGGATTTGCCGACGCCAGACTGCCCGGCAAAAATGCTGATGCGCCCGGTCAACGCCTCTTCCAGCGGTTTTAGCCCATCCTGAGTATGGCTGGAAACCATCAATACGCGATAACCGATATTGCGGTAGATATCCATCTGCTCGTTGACGAACGCCATGCCTTCGTCGTCCAGCAGGTCTATCTTGTTGAGCACAATAATCGGCTCAATCTGCAAGGTTTCGCAGGCCACCAGGTAACGGTCGATAATATTGAGCGACAGCTCCGGCAAAATGGCGGAGACAATGACAATCTGGTCGATGTTGGCGGCAATAGGTTTTACGCCGTCGTAGAAATCCGGACGCGTCAACACCGAGGTACGCTCATGCACCGCTTCCACGATCCCTTTGACATTTACGCCTTCCGCCGCCGGTTTACCCGGACGCCAGACTACGCGGTCGCCGGTTACCAGCGAACGGATGGTACGGCGAATATTGCAGCGGTGAACGTCGCCATCGGCGGATTCCACATCAGCGTGCATACCAAAGCGGCTGATGACGATACCTTCATCAGGCTCGCCAAACAGATTGTCGTCGTAGTCGGGCTTCTCCTTAGACGTTTTAAGACGACGCTGGTGATTGGCGTTCACGCGGCGCTGCTGGCCTTTGGAGAGTTTATTTTTACTCAATCGTACAGACTCCTGGTCGCCCCTGATGGGCAAAACATCTATGATACACGCAATTG	CCATTGTTTTGTCGTTCCTGATCCGGCCTACATGCCGGATCCTGAAAAAAAGGGGACGATTCTAACGACGGTTAGCTTAATTGTCAGTCATCCGTATCAGAAAAGTTTTTACGCGTTTTTACCTGCGCCATGCTTTCCAGAATACGGTGATAGTTTTCGAAACGGGTTTCCGCGATTTTCCCTTCCTCAACCGCTTCCCGGATAGCGCAGCCCGGATCGGTATCGTGTTTGCAATCGCGATATTTACACAGACCGAGATAGTCATGGAATTCGACAAAGCCCTGAGTGATTTGTTCCGGCTCCAGGTGCCAGAGGCCGAACTCACGCACTCCTGGGGAGTCAATCACATCACCGCCGTGCGGGAAGTGATACAGCCGAGCGGCGGTCGTGGTGTGCTGACCGAGCCCGCTGTTGTCAGAGATATCGTTGGTCAGGATCTCTTTTTGCAGCCCCAGTAGCGCATTCAGCAGGCTGGATTTGCCGACGCCAGACTGCCCGGCAAAAATGCTGATGCGCCCGGTTAGCGCCTCTTCCAGCGGTTTTAGCCCATCCTGAGTATGGCTGGAAACCATTAGTACGCGATAACCGATATTGCGGTAGATATCCATCTGCTCGTTGACGAACGCCATGCCTTCGTCGTCCAGCAGGTCTATCTTGTTGAGCACAATAATCGGCTCAATCTGTAGGGTTTCGCAGGCCACCAGGTAACGGTCGATAATATTGAGGCTCAGCTCCGGTAGAATGGCGGAGACAATGACAATCTGGTCGATGTTGGCGGCAATAGGTTTTACGCCGTCGTAGAAATCCGGACGCGTTAGCACGCTGGTACGCTCATGCACCGCTTCCACGATCCCTTTGACATTTACGCCTTCCGCCGCCGGTTTACCCGGACGCCAGACTACGCGGTCGCCGGTTACCAGGCTACGGATGGTACGGCGAATATTGCAGCGGTGAACGTCGCCATCGGCGGATTCCACATCAGCGTGCATACCAAAGCGGCTGATGACGATACCTTCATCAGGCTCGCCAAACAGATTGTCGTCGTAGTCGGGCTTCTCCTTAGACGTTTTAAGACGACGCTGGTGATTGGCGTTCACGCGGCGCTGCTGGCCTTTGGAGAGTTTATTTTTACTCAATCGTACAGACTCCTGGTCGCCCCTGATGGGCAAAACATCTATGATACACGCAATTG
rsgApool	CCATTGTTTTGT	TACACGCAATTG	1192	GGCACTTTTCAC	GTATTCGAGCGT	rsgA_7	CCATTGTTTTGTCGTTCCTGATCCGGCCTACATGCCGGATCCTGAAAAAAAGGGGACGATTCTAACGACGGTTAGCTTAATTGTCAGTCATCCGTATCAGAAAAGTTTTTACGCGTTTTTACCTGCGCCATGCTTTCCAGAATACGGTGATAGTTTTCGAAACGGGTTTCCGCGATTTTCCCTTCCTCAACCGCTTCCCGGATAGCGCAGCCCGGATCGGTATCGTGTTTGCAATCGCGATATTTACACAGACCTAAATAGTCATGGAATTCGACAAAGCCCTGAGTGATTTGTTCCGGCTCCAGGTGCCAGAGGCCGAACTCACGCACTCCTGGGGAGTCAATCACATCACCGCCGTGCGGGAAGTGATACAGCCGAGCGGCGGTCGTGGTGTGCTGACCGAGCCCCGAGTTGTCAGAGATATCGTTGGTCAGGATCTCTTTTTGCAGCCCCAGCAACGCATTCAGCAGGCTGGATTTGCCGACGCCAGACTGCCCGGCAAAAATGCTGATGCGCCCGGTCAACGCCTCTTCCAGCGGTTTTAGCCCATCCTGAGTATGGCTGGAAACCATCAATACGCGATAACCGATATTGCGGTAGATATCCATCTGCTCGTTGACGAACGCCATGCCTTCGTCGTCCAGCAGGTCTATCTTGTTGAGCACAATAATCGGCTCAATCTGCAAGGTTTCGCAGGCCACCAGGTAACGGTCGATAATATTGAGCGACAGCTCCGGCAAAATGGCGGAGACAATGACAATCTGGTCGATGTTGGCGGCAATAGGTTTTACGCCGTCGTAGAAATCCGGACGCGTCAACACCGAGGTACGCTCATGCACCGCTTCCACGATCCCTTTGACATTTACGCCTTCCGCCGCCGGTTTACCCGGACGCCAGACTACGCGGTCGCCGGTTACCAGCGAACGGATGGTACGGCGAATATTGCAGCGGTGAACGTCGCCATCGGCGGATTCCACATCAGCGTGCATACCAAAGCGGCTGATGACGATACCTTCATCAGGCTCGCCAAACAGATTGTCGTCGTAGTCGGGCTTCTCCTTAGACGTTTTAAGACGACGCTGGTGATTGGCGTTCACGCGGCGCTGCTGGCCTTTGGAGAGTTTATTTTTACTCAATCGTACAGACTCCTGGTCGCCCCTGATGGGCAAAACATCTATGATACACGCAATTG	CCATTGTTTTGTCGTTCCTGATCCGGCCTACATGCCGGATCCTGAAAAAAAGGGGACGATTCTAACGACGGTTAGCTTAATTGTCAGTCATCCGTATCAGAAAAGTTTTTACGCGTTTTTACCTGCGCCATGCTTTCCAGAATACGGTGATAGTTTTCGAAACGGGTTTCCGCGATTTTCCCTTCCTCAACCGCTTCCCGGATAGCGCAGCCCGGATCGGTATCGTGTTTGCAATCGCGATATTTACACAGACCGAGATAGTCATGGAATTCGACAAAGCCCTGAGTGATTTGTTCCGGCTCCAGGTGCCAGAGGCCGAACTCACGCACTCCTGGGGAGTCAATCACATCACCGCCGTGCGGGAAGTGATACAGCCGAGCGGCGGTCGTGGTGTGCTGACCGAGCCCGCTGTTGTCAGAGATATCGTTGGTCAGGATCTCTTTTTGCAGCCCCAGTAGCGCATTCAGCAGGCTGGATTTGCCGACGCCAGACTGCCCGGCAAAAATGCTGATGCGCCCGGTTAGCGCCTCTTCCAGCGGTTTTAGCCCATCCTGAGTATGGCTGGAAACCATTAGTACGCGATAACCGATATTGCGGTAGATATCCATCTGCTCGTTGACGAACGCCATGCCTTCGTCGTCCAGCAGGTCTATCTTGTTGAGCACAATAATCGGCTCAATCTGTAGGGTTTCGCAGGCCACCAGGTAACGGTCGATAATATTGAGGCTCAGCTCCGGTAGAATGGCGGAGACAATGACAATCTGGTCGATGTTGGCGGCAATAGGTTTTACGCCGTCGTAGAAATCCGGACGCGTTAGCACGCTGGTACGCTCATGCACCGCTTCCACGATCCCTTTGACATTTACGCCTTCCGCCGCCGGTTTACCCGGACGCCAGACTACGCGGTCGCCGGTTACCAGGCTACGGATGGTACGGCGAATATTGCAGCGGTGAACGTCGCCATCGGCGGATTCCACATCAGCGTGCATACCAAAGCGGCTGATGACGATACCTTCATCAGGCTCGCCAAACAGATTGTCGTCGTAGTCGGGCTTCTCCTTAGACGTTTTAAGACGACGCTGGTGATTGGCGTTCACGCGGCGCTGCTGGCCTTTGGAGAGTTTATTTTTACTCAATCGTACAGACTCCTGGTCGCCCCTGATGGGCAAAACATCTATGATACACGCAATTG
rsgApool	CCATTGTTTTGT	TACACGCAATTG	1192	CTATCTCCAGCA	GTATTCGAGCGT	rsgA_8	CCATTGTTTTGTCGTTCCTGATCCGGCCTACATGCCGGATCCTGAAAAAAAGGGGACGATTCTAACGACGGTTAGCTTAATTGTCAGTCATCCGTATCAGAAAAGTTTTTACGCGTTTTTACCTGCGCCATGCTTTCCAGAATACGGTGATAGTTTTCGAAACGGGTTTCCGCGATTTTCCCTTCCTCAACCGCTTCCCGGATAGCGCAGCCCGGATCGGTATCGTGTTTGCAATCGCGATATTTACACAGACCTAAATAGTCATGGAATTCGACAAAGCCCTGAGTGATTTGTTCCGGCTCCAGGTGCCAGAGGCCGAACTCACGCACTCCTGGGGAGTCAATCACATCACCGCCGTGCGGGAAGTGATACAGCCGAGCGGCGGTCGTGGTGTGCTGACCGAGCCCCGAGTTGTCAGAGATATCGTTGGTCAGGATCTCTTTTTGCAGCCCCAGCAACGCATTCAGCAGGCTGGATTTGCCGACGCCAGACTGCCCGGCAAAAATGCTGATGCGCCCGGTCAACGCCTCTTCCAGCGGTTTTAGCCCATCCTGAGTATGGCTGGAAACCATCAATACGCGATAACCGATATTGCGGTAGATATCCATCTGCTCGTTGACGAACGCCATGCCTTCGTCGTCCAGCAGGTCTATCTTGTTGAGCACAATAATCGGCTCAATCTGCAAGGTTTCGCAGGCCACCAGGTAACGGTCGATAATATTGAGCGACAGCTCCGGCAAAATGGCGGAGACAATGACAATCTGGTCGATGTTGGCGGCAATAGGTTTTACGCCGTCGTAGAAATCCGGACGCGTCAACACCGAGGTACGCTCATGCACCGCTTCCACGATCCCTTTGACATTTACGCCTTCCGCCGCCGGTTTACCCGGACGCCAGACTACGCGGTCGCCGGTTACCAGCGAACGGATGGTACGGCGAATATTGCAGCGGTGAACGTCGCCATCGGCGGATTCCACATCAGCGTGCATACCAAAGCGGCTGATGACGATACCTTCATCAGGCTCGCCAAACAGATTGTCGTCGTAGTCGGGCTTCTCCTTAGACGTTTTAAGACGACGCTGGTGATTGGCGTTCACGCGGCGCTGCTGGCCTTTGGAGAGTTTATTTTTACTCAATCGTACAGACTCCTGGTCGCCCCTGATGGGCAAAACATCTATGATACACGCAATTG	CCATTGTTTTGTCGTTCCTGATCCGGCCTACATGCCGGATCCTGAAAAAAAGGGGACGATTCTAACGACGGTTAGCTTAATTGTCAGTCATCCGTATCAGAAAAGTTTTTACGCGTTTTTACCTGCGCCATGCTTTCCAGAATACGGTGATAGTTTTCGAAACGGGTTTCCGCGATTTTCCCTTCCTCAACCGCTTCCCGGATAGCGCAGCCCGGATCGGTATCGTGTTTGCAATCGCGATATTTACACAGACCGAGATAGTCATGGAATTCGACAAAGCCCTGAGTGATTTGTTCCGGCTCCAGGTGCCAGAGGCCGAACTCACGCACTCCTGGGGAGTCAATCACATCACCGCCGTGCGGGAAGTGATACAGCCGAGCGGCGGTCGTGGTGTGCTGACCGAGCCCGCTGTTGTCAGAGATATCGTTGGTCAGGATCTCTTTTTGCAGCCCCAGTAGCGCATTCAGCAGGCTGGATTTGCCGACGCCAGACTGCCCGGCAAAAATGCTGATGCGCCCGGTTAGCGCCTCTTCCAGCGGTTTTAGCCCATCCTGAGTATGGCTGGAAACCATTAGTACGCGATAACCGATATTGCGGTAGATATCCATCTGCTCGTTGACGAACGCCATGCCTTCGTCGTCCAGCAGGTCTATCTTGTTGAGCACAATAATCGGCTCAATCTGTAGGGTTTCGCAGGCCACCAGGTAACGGTCGATAATATTGAGGCTCAGCTCCGGTAGAATGGCGGAGACAATGACAATCTGGTCGATGTTGGCGGCAATAGGTTTTACGCCGTCGTAGAAATCCGGACGCGTTAGCACGCTGGTACGCTCATGCACCGCTTCCACGATCCCTTTGACATTTACGCCTTCCGCCGCCGGTTTACCCGGACGCCAGACTACGCGGTCGCCGGTTACCAGGCTACGGATGGTACGGCGAATATTGCAGCGGTGAACGTCGCCATCGGCGGATTCCACATCAGCGTGCATACCAAAGCGGCTGATGACGATACCTTCATCAGGCTCGCCAAACAGATTGTCGTCGTAGTCGGGCTTCTCCTTAGACGTTTTAAGACGACGCTGGTGATTGGCGTTCACGCGGCGCTGCTGGCCTTTGGAGAGTTTATTTTTACTCAATCGTACAGACTCCTGGTCGCCCCTGATGGGCAAAACATCTATGATACACGCAATTG
rsgApool	CCATTGTTTTGT	TACACGCAATTG	1192	TGATGGGCCTAA	GTATTCGAGCGT	rsgA_9	CCATTGTTTTGTCGTTCCTGATCCGGCCTACATGCCGGATCCTGAAAAAAAGGGGACGATTCTAACGACGGTTAGCTTAATTGTCAGTCATCCGTATCAGAAAAGTTTTTACGCGTTTTTACCTGCGCCATGCTTTCCAGAATACGGTGATAGTTTTCGAAACGGGTTTCCGCGATTTTCCCTTCCTCAACCGCTTCCCGGATAGCGCAGCCCGGATCGGTATCGTGTTTGCAATCGCGATATTTACACAGACCTAAATAGTCATGGAATTCGACAAAGCCCTGAGTGATTTGTTCCGGCTCCAGGTGCCAGAGGCCGAACTCACGCACTCCTGGGGAGTCAATCACATCACCGCCGTGCGGGAAGTGATACAGCCGAGCGGCGGTCGTGGTGTGCTGACCGAGCCCCGAGTTGTCAGAGATATCGTTGGTCAGGATCTCTTTTTGCAGCCCCAGCAACGCATTCAGCAGGCTGGATTTGCCGACGCCAGACTGCCCGGCAAAAATGCTGATGCGCCCGGTCAACGCCTCTTCCAGCGGTTTTAGCCCATCCTGAGTATGGCTGGAAACCATCAATACGCGATAACCGATATTGCGGTAGATATCCATCTGCTCGTTGACGAACGCCATGCCTTCGTCGTCCAGCAGGTCTATCTTGTTGAGCACAATAATCGGCTCAATCTGCAAGGTTTCGCAGGCCACCAGGTAACGGTCGATAATATTGAGCGACAGCTCCGGCAAAATGGCGGAGACAATGACAATCTGGTCGATGTTGGCGGCAATAGGTTTTACGCCGTCGTAGAAATCCGGACGCGTCAACACCGAGGTACGCTCATGCACCGCTTCCACGATCCCTTTGACATTTACGCCTTCCGCCGCCGGTTTACCCGGACGCCAGACTACGCGGTCGCCGGTTACCAGCGAACGGATGGTACGGCGAATATTGCAGCGGTGAACGTCGCCATCGGCGGATTCCACATCAGCGTGCATACCAAAGCGGCTGATGACGATACCTTCATCAGGCTCGCCAAACAGATTGTCGTCGTAGTCGGGCTTCTCCTTAGACGTTTTAAGACGACGCTGGTGATTGGCGTTCACGCGGCGCTGCTGGCCTTTGGAGAGTTTATTTTTACTCAATCGTACAGACTCCTGGTCGCCCCTGATGGGCAAAACATCTATGATACACGCAATTG	CCATTGTTTTGTCGTTCCTGATCCGGCCTACATGCCGGATCCTGAAAAAAAGGGGACGATTCTAACGACGGTTAGCTTAATTGTCAGTCATCCGTATCAGAAAAGTTTTTACGCGTTTTTACCTGCGCCATGCTTTCCAGAATACGGTGATAGTTTTCGAAACGGGTTTCCGCGATTTTCCCTTCCTCAACCGCTTCCCGGATAGCGCAGCCCGGATCGGTATCGTGTTTGCAATCGCGATATTTACACAGACCGAGATAGTCATGGAATTCGACAAAGCCCTGAGTGATTTGTTCCGGCTCCAGGTGCCAGAGGCCGAACTCACGCACTCCTGGGGAGTCAATCACATCACCGCCGTGCGGGAAGTGATACAGCCGAGCGGCGGTCGTGGTGTGCTGACCGAGCCCGCTGTTGTCAGAGATATCGTTGGTCAGGATCTCTTTTTGCAGCCCCAGTAGCGCATTCAGCAGGCTGGATTTGCCGACGCCAGACTGCCCGGCAAAAATGCTGATGCGCCCGGTTAGCGCCTCTTCCAGCGGTTTTAGCCCATCCTGAGTATGGCTGGAAACCATTAGTACGCGATAACCGATATTGCGGTAGATATCCATCTGCTCGTTGACGAACGCCATGCCTTCGTCGTCCAGCAGGTCTATCTTGTTGAGCACAATAATCGGCTCAATCTGTAGGGTTTCGCAGGCCACCAGGTAACGGTCGATAATATTGAGGCTCAGCTCCGGTAGAATGGCGGAGACAATGACAATCTGGTCGATGTTGGCGGCAATAGGTTTTACGCCGTCGTAGAAATCCGGACGCGTTAGCACGCTGGTACGCTCATGCACCGCTTCCACGATCCCTTTGACATTTACGCCTTCCGCCGCCGGTTTACCCGGACGCCAGACTACGCGGTCGCCGGTTACCAGGCTACGGATGGTACGGCGAATATTGCAGCGGTGAACGTCGCCATCGGCGGATTCCACATCAGCGTGCATACCAAAGCGGCTGATGACGATACCTTCATCAGGCTCGCCAAACAGATTGTCGTCGTAGTCGGGCTTCTCCTTAGACGTTTTAAGACGACGCTGGTGATTGGCGTTCACGCGGCGCTGCTGGCCTTTGGAGAGTTTATTTTTACTCAATCGTACAGACTCCTGGTCGCCCCTGATGGGCAAAACATCTATGATACACGCAATTG
rsgApool	CCATTGTTTTGT	TACACGCAATTG	1192	CACTTCCTGAAC	GTATTCGAGCGT	rsgA_10	CCATTGTTTTGTCGTTCCTGATCCGGCCTACATGCCGGATCCTGAAAAAAAGGGGACGATTCTAACGACGGTTAGCTTAATTGTCAGTCATCCGTATCAGAAAAGTTTTTACGCGTTTTTACCTGCGCCATGCTTTCCAGAATACGGTGATAGTTTTCGAAACGGGTTTCCGCGATTTTCCCTTCCTCAACCGCTTCCCGGATAGCGCAGCCCGGATCGGTATCGTGTTTGCAATCGCGATATTTACACAGACCTAAATAGTCATGGAATTCGACAAAGCCCTGAGTGATTTGTTCCGGCTCCAGGTGCCAGAGGCCGAACTCACGCACTCCTGGGGAGTCAATCACATCACCGCCGTGCGGGAAGTGATACAGCCGAGCGGCGGTCGTGGTGTGCTGACCGAGCCCCGAGTTGTCAGAGATATCGTTGGTCAGGATCTCTTTTTGCAGCCCCAGCAACGCATTCAGCAGGCTGGATTTGCCGACGCCAGACTGCCCGGCAAAAATGCTGATGCGCCCGGTCAACGCCTCTTCCAGCGGTTTTAGCCCATCCTGAGTATGGCTGGAAACCATCAATACGCGATAACCGATATTGCGGTAGATATCCATCTGCTCGTTGACGAACGCCATGCCTTCGTCGTCCAGCAGGTCTATCTTGTTGAGCACAATAATCGGCTCAATCTGCAAGGTTTCGCAGGCCACCAGGTAACGGTCGATAATATTGAGCGACAGCTCCGGCAAAATGGCGGAGACAATGACAATCTGGTCGATGTTGGCGGCAATAGGTTTTACGCCGTCGTAGAAATCCGGACGCGTCAACACCGAGGTACGCTCATGCACCGCTTCCACGATCCCTTTGACATTTACGCCTTCCGCCGCCGGTTTACCCGGACGCCAGACTACGCGGTCGCCGGTTACCAGCGAACGGATGGTACGGCGAATATTGCAGCGGTGAACGTCGCCATCGGCGGATTCCACATCAGCGTGCATACCAAAGCGGCTGATGACGATACCTTCATCAGGCTCGCCAAACAGATTGTCGTCGTAGTCGGGCTTCTCCTTAGACGTTTTAAGACGACGCTGGTGATTGGCGTTCACGCGGCGCTGCTGGCCTTTGGAGAGTTTATTTTTACTCAATCGTACAGACTCCTGGTCGCCCCTGATGGGCAAAACATCTATGATACACGCAATTG	CCATTGTTTTGTCGTTCCTGATCCGGCCTACATGCCGGATCCTGAAAAAAAGGGGACGATTCTAACGACGGTTAGCTTAATTGTCAGTCATCCGTATCAGAAAAGTTTTTACGCGTTTTTACCTGCGCCATGCTTTCCAGAATACGGTGATAGTTTTCGAAACGGGTTTCCGCGATTTTCCCTTCCTCAACCGCTTCCCGGATAGCGCAGCCCGGATCGGTATCGTGTTTGCAATCGCGATATTTACACAGACCGAGATAGTCATGGAATTCGACAAAGCCCTGAGTGATTTGTTCCGGCTCCAGGTGCCAGAGGCCGAACTCACGCACTCCTGGGGAGTCAATCACATCACCGCCGTGCGGGAAGTGATACAGCCGAGCGGCGGTCGTGGTGTGCTGACCGAGCCCGCTGTTGTCAGAGATATCGTTGGTCAGGATCTCTTTTTGCAGCCCCAGTAGCGCATTCAGCAGGCTGGATTTGCCGACGCCAGACTGCCCGGCAAAAATGCTGATGCGCCCGGTTAGCGCCTCTTCCAGCGGTTTTAGCCCATCCTGAGTATGGCTGGAAACCATTAGTACGCGATAACCGATATTGCGGTAGATATCCATCTGCTCGTTGACGAACGCCATGCCTTCGTCGTCCAGCAGGTCTATCTTGTTGAGCACAATAATCGGCTCAATCTGTAGGGTTTCGCAGGCCACCAGGTAACGGTCGATAATATTGAGGCTCAGCTCCGGTAGAATGGCGGAGACAATGACAATCTGGTCGATGTTGGCGGCAATAGGTTTTACGCCGTCGTAGAAATCCGGACGCGTTAGCACGCTGGTACGCTCATGCACCGCTTCCACGATCCCTTTGACATTTACGCCTTCCGCCGCCGGTTTACCCGGACGCCAGACTACGCGGTCGCCGGTTACCAGGCTACGGATGGTACGGCGAATATTGCAGCGGTGAACGTCGCCATCGGCGGATTCCACATCAGCGTGCATACCAAAGCGGCTGATGACGATACCTTCATCAGGCTCGCCAAACAGATTGTCGTCGTAGTCGGGCTTCTCCTTAGACGTTTTAAGACGACGCTGGTGATTGGCGTTCACGCGGCGCTGCTGGCCTTTGGAGAGTTTATTTTTACTCAATCGTACAGACTCCTGGTCGCCCCTGATGGGCAAAACATCTATGATACACGCAATTG
rsgApool	CCATTGTTTTGT	TACACGCAATTG	1192	GGGCGAAGTAAA	CGTGAAGCAACT	rsgA_11	CCATTGTTTTGTCGTTCCTGATCCGGCCTACATGCCGGATCCTGAAAAAAAGGGGACGATTCTAACGACGGTTAGCTTAATTGTCAGTCATCCGTATCAGAAAAGTTTTTACGCGTTTTTACCTGCGCCATGCTTTCCAGAATACGGTGATAGTTTTCGAAACGGGTTTCCGCGATTTTCCCTTCCTCAACCGCTTCCCGGATAGCGCAGCCCGGATCGGTATCGTGTTTGCAATCGCGATATTTACACAGACCTAAATAGTCATGGAATTCGACAAAGCCCTGAGTGATTTGTTCCGGCTCCAGGTGCCAGAGGCCGAACTCACGCACTCCTGGGGAGTCAATCACATCACCGCCGTGCGGGAAGTGATACAGCCGAGCGGCGGTCGTGGTGTGCTGACCGAGCCCCGAGTTGTCAGAGATATCGTTGGTCAGGATCTCTTTTTGCAGCCCCAGCAACGCATTCAGCAGGCTGGATTTGCCGACGCCAGACTGCCCGGCAAAAATGCTGATGCGCCCGGTCAACGCCTCTTCCAGCGGTTTTAGCCCATCCTGAGTATGGCTGGAAACCATCAATACGCGATAACCGATATTGCGGTAGATATCCATCTGCTCGTTGACGAACGCCATGCCTTCGTCGTCCAGCAGGTCTATCTTGTTGAGCACAATAATCGGCTCAATCTGCAAGGTTTCGCAGGCCACCAGGTAACGGTCGATAATATTGAGCGACAGCTCCGGCAAAATGGCGGAGACAATGACAATCTGGTCGATGTTGGCGGCAATAGGTTTTACGCCGTCGTAGAAATCCGGACGCGTCAACACCGAGGTACGCTCATGCACCGCTTCCACGATCCCTTTGACATTTACGCCTTCCGCCGCCGGTTTACCCGGACGCCAGACTACGCGGTCGCCGGTTACCAGCGAACGGATGGTACGGCGAATATTGCAGCGGTGAACGTCGCCATCGGCGGATTCCACATCAGCGTGCATACCAAAGCGGCTGATGACGATACCTTCATCAGGCTCGCCAAACAGATTGTCGTCGTAGTCGGGCTTCTCCTTAGACGTTTTAAGACGACGCTGGTGATTGGCGTTCACGCGGCGCTGCTGGCCTTTGGAGAGTTTATTTTTACTCAATCGTACAGACTCCTGGTCGCCCCTGATGGGCAAAACATCTATGATACACGCAATTG	CCATTGTTTTGTCGTTCCTGATCCGGCCTACATGCCGGATCCTGAAAAAAAGGGGACGATTCTAACGACGGTTAGCTTAATTGTCAGTCATCCGTATCAGAAAAGTTTTTACGCGTTTTTACCTGCGCCATGCTTTCCAGAATACGGTGATAGTTTTCGAAACGGGTTTCCGCGATTTTCCCTTCCTCAACCGCTTCCCGGATAGCGCAGCCCGGATCGGTATCGTGTTTGCAATCGCGATATTTACACAGACCGAGATAGTCATGGAATTCGACAAAGCCCTGAGTGATTTGTTCCGGCTCCAGGTGCCAGAGGCCGAACTCACGCACTCCTGGGGAGTCAATCACATCACCGCCGTGCGGGAAGTGATACAGCCGAGCGGCGGTCGTGGTGTGCTGACCGAGCCCGCTGTTGTCAGAGATATCGTTGGTCAGGATCTCTTTTTGCAGCCCCAGTAGCGCATTCAGCAGGCTGGATTTGCCGACGCCAGACTGCCCGGCAAAAATGCTGATGCGCCCGGTTAGCGCCTCTTCCAGCGGTTTTAGCCCATCCTGAGTATGGCTGGAAACCATTAGTACGCGATAACCGATATTGCGGTAGATATCCATCTGCTCGTTGACGAACGCCATGCCTTCGTCGTCCAGCAGGTCTATCTTGTTGAGCACAATAATCGGCTCAATCTGTAGGGTTTCGCAGGCCACCAGGTAACGGTCGATAATATTGAGGCTCAGCTCCGGTAGAATGGCGGAGACAATGACAATCTGGTCGATGTTGGCGGCAATAGGTTTTACGCCGTCGTAGAAATCCGGACGCGTTAGCACGCTGGTACGCTCATGCACCGCTTCCACGATCCCTTTGACATTTACGCCTTCCGCCGCCGGTTTACCCGGACGCCAGACTACGCGGTCGCCGGTTACCAGGCTACGGATGGTACGGCGAATATTGCAGCGGTGAACGTCGCCATCGGCGGATTCCACATCAGCGTGCATACCAAAGCGGCTGATGACGATACCTTCATCAGGCTCGCCAAACAGATTGTCGTCGTAGTCGGGCTTCTCCTTAGACGTTTTAAGACGACGCTGGTGATTGGCGTTCACGCGGCGCTGCTGGCCTTTGGAGAGTTTATTTTTACTCAATCGTACAGACTCCTGGTCGCCCCTGATGGGCAAAACATCTATGATACACGCAATTG
rsgApool	CCATTGTTTTGT	TACACGCAATTG	1192	GGCACTTTTCAC	CGTGAAGCAACT	rsgA_12	CCATTGTTTTGTCGTTCCTGATCCGGCCTACATGCCGGATCCTGAAAAAAAGGGGACGATTCTAACGACGGTTAGCTTAATTGTCAGTCATCCGTATCAGAAAAGTTTTTACGCGTTTTTACCTGCGCCATGCTTTCCAGAATACGGTGATAGTTTTCGAAACGGGTTTCCGCGATTTTCCCTTCCTCAACCGCTTCCCGGATAGCGCAGCCCGGATCGGTATCGTGTTTGCAATCGCGATATTTACACAGACCTAAATAGTCATGGAATTCGACAAAGCCCTGAGTGATTTGTTCCGGCTCCAGGTGCCAGAGGCCGAACTCACGCACTCCTGGGGAGTCAATCACATCACCGCCGTGCGGGAAGTGATACAGCCGAGCGGCGGTCGTGGTGTGCTGACCGAGCCCCGAGTTGTCAGAGATATCGTTGGTCAGGATCTCTTTTTGCAGCCCCAGCAACGCATTCAGCAGGCTGGATTTGCCGACGCCAGACTGCCCGGCAAAAATGCTGATGCGCCCGGTCAACGCCTCTTCCAGCGGTTTTAGCCCATCCTGAGTATGGCTGGAAACCATCAATACGCGATAACCGATATTGCGGTAGATATCCATCTGCTCGTTGACGAACGCCATGCCTTCGTCGTCCAGCAGGTCTATCTTGTTGAGCACAATAATCGGCTCAATCTGCAAGGTTTCGCAGGCCACCAGGTAACGGTCGATAATATTGAGCGACAGCTCCGGCAAAATGGCGGAGACAATGACAATCTGGTCGATGTTGGCGGCAATAGGTTTTACGCCGTCGTAGAAATCCGGACGCGTCAACACCGAGGTACGCTCATGCACCGCTTCCACGATCCCTTTGACATTTACGCCTTCCGCCGCCGGTTTACCCGGACGCCAGACTACGCGGTCGCCGGTTACCAGCGAACGGATGGTACGGCGAATATTGCAGCGGTGAACGTCGCCATCGGCGGATTCCACATCAGCGTGCATACCAAAGCGGCTGATGACGATACCTTCATCAGGCTCGCCAAACAGATTGTCGTCGTAGTCGGGCTTCTCCTTAGACGTTTTAAGACGACGCTGGTGATTGGCGTTCACGCGGCGCTGCTGGCCTTTGGAGAGTTTATTTTTACTCAATCGTACAGACTCCTGGTCGCCCCTGATGGGCAAAACATCTATGATACACGCAATTG	CCATTGTTTTGTCGTTCCTGATCCGGCCTACATGCCGGATCCTGAAAAAAAGGGGACGATTCTAACGACGGTTAGCTTAATTGTCAGTCATCCGTATCAGAAAAGTTTTTACGCGTTTTTACCTGCGCCATGCTTTCCAGAATACGGTGATAGTTTTCGAAACGGGTTTCCGCGATTTTCCCTTCCTCAACCGCTTCCCGGATAGCGCAGCCCGGATCGGTATCGTGTTTGCAATCGCGATATTTACACAGACCGAGATAGTCATGGAATTCGACAAAGCCCTGAGTGATTTGTTCCGGCTCCAGGTGCCAGAGGCCGAACTCACGCACTCCTGGGGAGTCAATCACATCACCGCCGTGCGGGAAGTGATACAGCCGAGCGGCGGTCGTGGTGTGCTGACCGAGCCCGCTGTTGTCAGAGATATCGTTGGTCAGGATCTCTTTTTGCAGCCCCAGTAGCGCATTCAGCAGGCTGGATTTGCCGACGCCAGACTGCCCGGCAAAAATGCTGATGCGCCCGGTTAGCGCCTCTTCCAGCGGTTTTAGCCCATCCTGAGTATGGCTGGAAACCATTAGTACGCGATAACCGATATTGCGGTAGATATCCATCTGCTCGTTGACGAACGCCATGCCTTCGTCGTCCAGCAGGTCTATCTTGTTGAGCACAATAATCGGCTCAATCTGTAGGGTTTCGCAGGCCACCAGGTAACGGTCGATAATATTGAGGCTCAGCTCCGGTAGAATGGCGGAGACAATGACAATCTGGTCGATGTTGGCGGCAATAGGTTTTACGCCGTCGTAGAAATCCGGACGCGTTAGCACGCTGGTACGCTCATGCACCGCTTCCACGATCCCTTTGACATTTACGCCTTCCGCCGCCGGTTTACCCGGACGCCAGACTACGCGGTCGCCGGTTACCAGGCTACGGATGGTACGGCGAATATTGCAGCGGTGAACGTCGCCATCGGCGGATTCCACATCAGCGTGCATACCAAAGCGGCTGATGACGATACCTTCATCAGGCTCGCCAAACAGATTGTCGTCGTAGTCGGGCTTCTCCTTAGACGTTTTAAGACGACGCTGGTGATTGGCGTTCACGCGGCGCTGCTGGCCTTTGGAGAGTTTATTTTTACTCAATCGTACAGACTCCTGGTCGCCCCTGATGGGCAAAACATCTATGATACACGCAATTG
rsgApool	CCATTGTTTTGT	TACACGCAATTG	1192	CTATCTCCAGCA	CGTGAAGCAACT	rsgA_13	CCATTGTTTTGTCGTTCCTGATCCGGCCTACATGCCGGATCCTGAAAAAAAGGGGACGATTCTAACGACGGTTAGCTTAATTGTCAGTCATCCGTATCAGAAAAGTTTTTACGCGTTTTTACCTGCGCCATGCTTTCCAGAATACGGTGATAGTTTTCGAAACGGGTTTCCGCGATTTTCCCTTCCTCAACCGCTTCCCGGATAGCGCAGCCCGGATCGGTATCGTGTTTGCAATCGCGATATTTACACAGACCTAAATAGTCATGGAATTCGACAAAGCCCTGAGTGATTTGTTCCGGCTCCAGGTGCCAGAGGCCGAACTCACGCACTCCTGGGGAGTCAATCACATCACCGCCGTGCGGGAAGTGATACAGCCGAGCGGCGGTCGTGGTGTGCTGACCGAGCCCCGAGTTGTCAGAGATATCGTTGGTCAGGATCTCTTTTTGCAGCCCCAGCAACGCATTCAGCAGGCTGGATTTGCCGACGCCAGACTGCCCGGCAAAAATGCTGATGCGCCCGGTCAACGCCTCTTCCAGCGGTTTTAGCCCATCCTGAGTATGGCTGGAAACCATCAATACGCGATAACCGATATTGCGGTAGATATCCATCTGCTCGTTGACGAACGCCATGCCTTCGTCGTCCAGCAGGTCTATCTTGTTGAGCACAATAATCGGCTCAATCTGCAAGGTTTCGCAGGCCACCAGGTAACGGTCGATAATATTGAGCGACAGCTCCGGCAAAATGGCGGAGACAATGACAATCTGGTCGATGTTGGCGGCAATAGGTTTTACGCCGTCGTAGAAATCCGGACGCGTCAACACCGAGGTACGCTCATGCACCGCTTCCACGATCCCTTTGACATTTACGCCTTCCGCCGCCGGTTTACCCGGACGCCAGACTACGCGGTCGCCGGTTACCAGCGAACGGATGGTACGGCGAATATTGCAGCGGTGAACGTCGCCATCGGCGGATTCCACATCAGCGTGCATACCAAAGCGGCTGATGACGATACCTTCATCAGGCTCGCCAAACAGATTGTCGTCGTAGTCGGGCTTCTCCTTAGACGTTTTAAGACGACGCTGGTGATTGGCGTTCACGCGGCGCTGCTGGCCTTTGGAGAGTTTATTTTTACTCAATCGTACAGACTCCTGGTCGCCCCTGATGGGCAAAACATCTATGATACACGCAATTG	CCATTGTTTTGTCGTTCCTGATCCGGCCTACATGCCGGATCCTGAAAAAAAGGGGACGATTCTAACGACGGTTAGCTTAATTGTCAGTCATCCGTATCAGAAAAGTTTTTACGCGTTTTTACCTGCGCCATGCTTTCCAGAATACGGTGATAGTTTTCGAAACGGGTTTCCGCGATTTTCCCTTCCTCAACCGCTTCCCGGATAGCGCAGCCCGGATCGGTATCGTGTTTGCAATCGCGATATTTACACAGACCGAGATAGTCATGGAATTCGACAAAGCCCTGAGTGATTTGTTCCGGCTCCAGGTGCCAGAGGCCGAACTCACGCACTCCTGGGGAGTCAATCACATCACCGCCGTGCGGGAAGTGATACAGCCGAGCGGCGGTCGTGGTGTGCTGACCGAGCCCGCTGTTGTCAGAGATATCGTTGGTCAGGATCTCTTTTTGCAGCCCCAGTAGCGCATTCAGCAGGCTGGATTTGCCGACGCCAGACTGCCCGGCAAAAATGCTGATGCGCCCGGTTAGCGCCTCTTCCAGCGGTTTTAGCCCATCCTGAGTATGGCTGGAAACCATTAGTACGCGATAACCGATATTGCGGTAGATATCCATCTGCTCGTTGACGAACGCCATGCCTTCGTCGTCCAGCAGGTCTATCTTGTTGAGCACAATAATCGGCTCAATCTGTAGGGTTTCGCAGGCCACCAGGTAACGGTCGATAATATTGAGGCTCAGCTCCGGTAGAATGGCGGAGACAATGACAATCTGGTCGATGTTGGCGGCAATAGGTTTTACGCCGTCGTAGAAATCCGGACGCGTTAGCACGCTGGTACGCTCATGCACCGCTTCCACGATCCCTTTGACATTTACGCCTTCCGCCGCCGGTTTACCCGGACGCCAGACTACGCGGTCGCCGGTTACCAGGCTACGGATGGTACGGCGAATATTGCAGCGGTGAACGTCGCCATCGGCGGATTCCACATCAGCGTGCATACCAAAGCGGCTGATGACGATACCTTCATCAGGCTCGCCAAACAGATTGTCGTCGTAGTCGGGCTTCTCCTTAGACGTTTTAAGACGACGCTGGTGATTGGCGTTCACGCGGCGCTGCTGGCCTTTGGAGAGTTTATTTTTACTCAATCGTACAGACTCCTGGTCGCCCCTGATGGGCAAAACATCTATGATACACGCAATTG
rsgApool	CCATTGTTTTGT	TACACGCAATTG	1192	TGATGGGCCTAA	CGTGAAGCAACT	rsgA_14	CCATTGTTTTGTCGTTCCTGATCCGGCCTACATGCCGGATCCTGAAAAAAAGGGGACGATTCTAACGACGGTTAGCTTAATTGTCAGTCATCCGTATCAGAAAAGTTTTTACGCGTTTTTACCTGCGCCATGCTTTCCAGAATACGGTGATAGTTTTCGAAACGGGTTTCCGCGATTTTCCCTTCCTCAACCGCTTCCCGGATAGCGCAGCCCGGATCGGTATCGTGTTTGCAATCGCGATATTTACACAGACCTAAATAGTCATGGAATTCGACAAAGCCCTGAGTGATTTGTTCCGGCTCCAGGTGCCAGAGGCCGAACTCACGCACTCCTGGGGAGTCAATCACATCACCGCCGTGCGGGAAGTGATACAGCCGAGCGGCGGTCGTGGTGTGCTGACCGAGCCCCGAGTTGTCAGAGATATCGTTGGTCAGGATCTCTTTTTGCAGCCCCAGCAACGCATTCAGCAGGCTGGATTTGCCGACGCCAGACTGCCCGGCAAAAATGCTGATGCGCCCGGTCAACGCCTCTTCCAGCGGTTTTAGCCCATCCTGAGTATGGCTGGAAACCATCAATACGCGATAACCGATATTGCGGTAGATATCCATCTGCTCGTTGACGAACGCCATGCCTTCGTCGTCCAGCAGGTCTATCTTGTTGAGCACAATAATCGGCTCAATCTGCAAGGTTTCGCAGGCCACCAGGTAACGGTCGATAATATTGAGCGACAGCTCCGGCAAAATGGCGGAGACAATGACAATCTGGTCGATGTTGGCGGCAATAGGTTTTACGCCGTCGTAGAAATCCGGACGCGTCAACACCGAGGTACGCTCATGCACCGCTTCCACGATCCCTTTGACATTTACGCCTTCCGCCGCCGGTTTACCCGGACGCCAGACTACGCGGTCGCCGGTTACCAGCGAACGGATGGTACGGCGAATATTGCAGCGGTGAACGTCGCCATCGGCGGATTCCACATCAGCGTGCATACCAAAGCGGCTGATGACGATACCTTCATCAGGCTCGCCAAACAGATTGTCGTCGTAGTCGGGCTTCTCCTTAGACGTTTTAAGACGACGCTGGTGATTGGCGTTCACGCGGCGCTGCTGGCCTTTGGAGAGTTTATTTTTACTCAATCGTACAGACTCCTGGTCGCCCCTGATGGGCAAAACATCTATGATACACGCAATTG	CCATTGTTTTGTCGTTCCTGATCCGGCCTACATGCCGGATCCTGAAAAAAAGGGGACGATTCTAACGACGGTTAGCTTAATTGTCAGTCATCCGTATCAGAAAAGTTTTTACGCGTTTTTACCTGCGCCATGCTTTCCAGAATACGGTGATAGTTTTCGAAACGGGTTTCCGCGATTTTCCCTTCCTCAACCGCTTCCCGGATAGCGCAGCCCGGATCGGTATCGTGTTTGCAATCGCGATATTTACACAGACCGAGATAGTCATGGAATTCGACAAAGCCCTGAGTGATTTGTTCCGGCTCCAGGTGCCAGAGGCCGAACTCACGCACTCCTGGGGAGTCAATCACATCACCGCCGTGCGGGAAGTGATACAGCCGAGCGGCGGTCGTGGTGTGCTGACCGAGCCCGCTGTTGTCAGAGATATCGTTGGTCAGGATCTCTTTTTGCAGCCCCAGTAGCGCATTCAGCAGGCTGGATTTGCCGACGCCAGACTGCCCGGCAAAAATGCTGATGCGCCCGGTTAGCGCCTCTTCCAGCGGTTTTAGCCCATCCTGAGTATGGCTGGAAACCATTAGTACGCGATAACCGATATTGCGGTAGATATCCATCTGCTCGTTGACGAACGCCATGCCTTCGTCGTCCAGCAGGTCTATCTTGTTGAGCACAATAATCGGCTCAATCTGTAGGGTTTCGCAGGCCACCAGGTAACGGTCGATAATATTGAGGCTCAGCTCCGGTAGAATGGCGGAGACAATGACAATCTGGTCGATGTTGGCGGCAATAGGTTTTACGCCGTCGTAGAAATCCGGACGCGTTAGCACGCTGGTACGCTCATGCACCGCTTCCACGATCCCTTTGACATTTACGCCTTCCGCCGCCGGTTTACCCGGACGCCAGACTACGCGGTCGCCGGTTACCAGGCTACGGATGGTACGGCGAATATTGCAGCGGTGAACGTCGCCATCGGCGGATTCCACATCAGCGTGCATACCAAAGCGGCTGATGACGATACCTTCATCAGGCTCGCCAAACAGATTGTCGTCGTAGTCGGGCTTCTCCTTAGACGTTTTAAGACGACGCTGGTGATTGGCGTTCACGCGGCGCTGCTGGCCTTTGGAGAGTTTATTTTTACTCAATCGTACAGACTCCTGGTCGCCCCTGATGGGCAAAACATCTATGATACACGCAATTG
rsgApool	CCATTGTTTTGT	TACACGCAATTG	1192	CACTTCCTGAAC	CGTGAAGCAACT	rsgA_15	CCATTGTTTTGTCGTTCCTGATCCGGCCTACATGCCGGATCCTGAAAAAAAGGGGACGATTCTAACGACGGTTAGCTTAATTGTCAGTCATCCGTATCAGAAAAGTTTTTACGCGTTTTTACCTGCGCCATGCTTTCCAGAATACGGTGATAGTTTTCGAAACGGGTTTCCGCGATTTTCCCTTCCTCAACCGCTTCCCGGATAGCGCAGCCCGGATCGGTATCGTGTTTGCAATCGCGATATTTACACAGACCTAAATAGTCATGGAATTCGACAAAGCCCTGAGTGATTTGTTCCGGCTCCAGGTGCCAGAGGCCGAACTCACGCACTCCTGGGGAGTCAATCACATCACCGCCGTGCGGGAAGTGATACAGCCGAGCGGCGGTCGTGGTGTGCTGACCGAGCCCCGAGTTGTCAGAGATATCGTTGGTCAGGATCTCTTTTTGCAGCCCCAGCAACGCATTCAGCAGGCTGGATTTGCCGACGCCAGACTGCCCGGCAAAAATGCTGATGCGCCCGGTCAACGCCTCTTCCAGCGGTTTTAGCCCATCCTGAGTATGGCTGGAAACCATCAATACGCGATAACCGATATTGCGGTAGATATCCATCTGCTCGTTGACGAACGCCATGCCTTCGTCGTCCAGCAGGTCTATCTTGTTGAGCACAATAATCGGCTCAATCTGCAAGGTTTCGCAGGCCACCAGGTAACGGTCGATAATATTGAGCGACAGCTCCGGCAAAATGGCGGAGACAATGACAATCTGGTCGATGTTGGCGGCAATAGGTTTTACGCCGTCGTAGAAATCCGGACGCGTCAACACCGAGGTACGCTCATGCACCGCTTCCACGATCCCTTTGACATTTACGCCTTCCGCCGCCGGTTTACCCGGACGCCAGACTACGCGGTCGCCGGTTACCAGCGAACGGATGGTACGGCGAATATTGCAGCGGTGAACGTCGCCATCGGCGGATTCCACATCAGCGTGCATACCAAAGCGGCTGATGACGATACCTTCATCAGGCTCGCCAAACAGATTGTCGTCGTAGTCGGGCTTCTCCTTAGACGTTTTAAGACGACGCTGGTGATTGGCGTTCACGCGGCGCTGCTGGCCTTTGGAGAGTTTATTTTTACTCAATCGTACAGACTCCTGGTCGCCCCTGATGGGCAAAACATCTATGATACACGCAATTG	CCATTGTTTTGTCGTTCCTGATCCGGCCTACATGCCGGATCCTGAAAAAAAGGGGACGATTCTAACGACGGTTAGCTTAATTGTCAGTCATCCGTATCAGAAAAGTTTTTACGCGTTTTTACCTGCGCCATGCTTTCCAGAATACGGTGATAGTTTTCGAAACGGGTTTCCGCGATTTTCCCTTCCTCAACCGCTTCCCGGATAGCGCAGCCCGGATCGGTATCGTGTTTGCAATCGCGATATTTACACAGACCGAGATAGTCATGGAATTCGACAAAGCCCTGAGTGATTTGTTCCGGCTCCAGGTGCCAGAGGCCGAACTCACGCACTCCTGGGGAGTCAATCACATCACCGCCGTGCGGGAAGTGATACAGCCGAGCGGCGGTCGTGGTGTGCTGACCGAGCCCGCTGTTGTCAGAGATATCGTTGGTCAGGATCTCTTTTTGCAGCCCCAGTAGCGCATTCAGCAGGCTGGATTTGCCGACGCCAGACTGCCCGGCAAAAATGCTGATGCGCCCGGTTAGCGCCTCTTCCAGCGGTTTTAGCCCATCCTGAGTATGGCTGGAAACCATTAGTACGCGATAACCGATATTGCGGTAGATATCCATCTGCTCGTTGACGAACGCCATGCCTTCGTCGTCCAGCAGGTCTATCTTGTTGAGCACAATAATCGGCTCAATCTGTAGGGTTTCGCAGGCCACCAGGTAACGGTCGATAATATTGAGGCTCAGCTCCGGTAGAATGGCGGAGACAATGACAATCTGGTCGATGTTGGCGGCAATAGGTTTTACGCCGTCGTAGAAATCCGGACGCGTTAGCACGCTGGTACGCTCATGCACCGCTTCCACGATCCCTTTGACATTTACGCCTTCCGCCGCCGGTTTACCCGGACGCCAGACTACGCGGTCGCCGGTTACCAGGCTACGGATGGTACGGCGAATATTGCAGCGGTGAACGTCGCCATCGGCGGATTCCACATCAGCGTGCATACCAAAGCGGCTGATGACGATACCTTCATCAGGCTCGCCAAACAGATTGTCGTCGTAGTCGGGCTTCTCCTTAGACGTTTTAAGACGACGCTGGTGATTGGCGTTCACGCGGCGCTGCTGGCCTTTGGAGAGTTTATTTTTACTCAATCGTACAGACTCCTGGTCGCCCCTGATGGGCAAAACATCTATGATACACGCAATTG
rsgApool	CCATTGTTTTGT	TACACGCAATTG	1192	GGGCGAAGTAAA	CAGTAGTATGCC	rsgA_6_D2r1	CCATTGTTTTGTCGTTCCTGATCCGGCCTACATGCCGGATCCTGAAAAAAAGGGGACGATTCTAACGACGGTTAGCTTAATTGTCAGTCATCCGTATCAGAAAAGTTTTTACGCGTTTTTACCTGCGCCATGCTTTCCAGAATACGGTGATAGTTTTCGAAACGGGTTTCCGCGATTTTCCCTTCCTCAACCGCTTCCCGGATAGCGCAGCCCGGATCGGTATCGTGTTTGCAATCGCGATATTTACACAGACCTAAATAGTCATGGAATTCGACAAAGCCCTGAGTGATTTGTTCCGGCTCCAGGTGCCAGAGGCCGAACTCACGCACTCCTGGGGAGTCAATCACATCACCGCCGTGCGGGAAGTGATACAGCCGAGCGGCGGTCGTGGTGTGCTGACCGAGCCCCGAGTTGTCAGAGATATCGTTGGTCAGGATCTCTTTTTGCAGCCCCAGCAACGCATTCAGCAGGCTGGATTTGCCGACGCCAGACTGCCCGGCAAAAATGCTGATGCGCCCGGTCAACGCCTCTTCCAGCGGTTTTAGCCCATCCTGAGTATGGCTGGAAACCATCAATACGCGATAACCGATATTGCGGTAGATATCCATCTGCTCGTTGACGAACGCCATGCCTTCGTCGTCCAGCAGGTCTATCTTGTTGAGCACAATAATCGGCTCAATCTGCAAGGTTTCGCAGGCCACCAGGTAACGGTCGATAATATTGAGCGACAGCTCCGGCAAAATGGCGGAGACAATGACAATCTGGTCGATGTTGGCGGCAATAGGTTTTACGCCGTCGTAGAAATCCGGACGCGTCAACACCGAGGTACGCTCATGCACCGCTTCCACGATCCCTTTGACATTTACGCCTTCCGCCGCCGGTTTACCCGGACGCCAGACTACGCGGTCGCCGGTTACCAGCGAACGGATGGTACGGCGAATATTGCAGCGGTGAACGTCGCCATCGGCGGATTCCACATCAGCGTGCATACCAAAGCGGCTGATGACGATACCTTCATCAGGCTCGCCAAACAGATTGTCGTCGTAGTCGGGCTTCTCCTTAGACGTTTTAAGACGACGCTGGTGATTGGCGTTCACGCGGCGCTGCTGGCCTTTGGAGAGTTTATTTTTACTCAATCGTACAGACTCCTGGTCGCCCCTGATGGGCAAAACATCTATGATACACGCAATTG	CCATTGTTTTGTCGTTCCTGATCCGGCCTACATGCCGGATCCTGAAAAAAAGGGGACGATTCTAACGACGGTTAGCTTAATTGTCAGTCATCCGTATCAGAAAAGTTTTTACGCGTTTTTACCTGCGCCATGCTTTCCAGAATACGGTGATAGTTTTCGAAACGGGTTTCCGCGATTTTCCCTTCCTCAACCGCTTCCCGGATAGCGCAGCCCGGATCGGTATCGTGTTTGCAATCGCGATATTTACACAGACCGAGATAGTCATGGAATTCGACAAAGCCCTGAGTGATTTGTTCCGGCTCCAGGTGCCAGAGGCCGAACTCACGCACTCCTGGGGAGTCAATCACATCACCGCCGTGCGGGAAGTGATACAGCCGAGCGGCGGTCGTGGTGTGCTGACCGAGCCCGCTGTTGTCAGAGATATCGTTGGTCAGGATCTCTTTTTGCAGCCCCAGTAGCGCATTCAGCAGGCTGGATTTGCCGACGCCAGACTGCCCGGCAAAAATGCTGATGCGCCCGGTTAGCGCCTCTTCCAGCGGTTTTAGCCCATCCTGAGTATGGCTGGAAACCATTAGTACGCGATAACCGATATTGCGGTAGATATCCATCTGCTCGTTGACGAACGCCATGCCTTCGTCGTCCAGCAGGTCTATCTTGTTGAGCACAATAATCGGCTCAATCTGTAGGGTTTCGCAGGCCACCAGGTAACGGTCGATAATATTGAGGCTCAGCTCCGGTAGAATGGCGGAGACAATGACAATCTGGTCGATGTTGGCGGCAATAGGTTTTACGCCGTCGTAGAAATCCGGACGCGTTAGCACGCTGGTACGCTCATGCACCGCTTCCACGATCCCTTTGACATTTACGCCTTCCGCCGCCGGTTTACCCGGACGCCAGACTACGCGGTCGCCGGTTACCAGGCTACGGATGGTACGGCGAATATTGCAGCGGTGAACGTCGCCATCGGCGGATTCCACATCAGCGTGCATACCAAAGCGGCTGATGACGATACCTTCATCAGGCTCGCCAAACAGATTGTCGTCGTAGTCGGGCTTCTCCTTAGACGTTTTAAGACGACGCTGGTGATTGGCGTTCACGCGGCGCTGCTGGCCTTTGGAGAGTTTATTTTTACTCAATCGTACAGACTCCTGGTCGCCCCTGATGGGCAAAACATCTATGATACACGCAATTG
rsgApool	CCATTGTTTTGT	TACACGCAATTG	1192	GGCACTTTTCAC	CAGTAGTATGCC	rsgA_6_D2r2	CCATTGTTTTGTCGTTCCTGATCCGGCCTACATGCCGGATCCTGAAAAAAAGGGGACGATTCTAACGACGGTTAGCTTAATTGTCAGTCATCCGTATCAGAAAAGTTTTTACGCGTTTTTACCTGCGCCATGCTTTCCAGAATACGGTGATAGTTTTCGAAACGGGTTTCCGCGATTTTCCCTTCCTCAACCGCTTCCCGGATAGCGCAGCCCGGATCGGTATCGTGTTTGCAATCGCGATATTTACACAGACCTAAATAGTCATGGAATTCGACAAAGCCCTGAGTGATTTGTTCCGGCTCCAGGTGCCAGAGGCCGAACTCACGCACTCCTGGGGAGTCAATCACATCACCGCCGTGCGGGAAGTGATACAGCCGAGCGGCGGTCGTGGTGTGCTGACCGAGCCCCGAGTTGTCAGAGATATCGTTGGTCAGGATCTCTTTTTGCAGCCCCAGCAACGCATTCAGCAGGCTGGATTTGCCGACGCCAGACTGCCCGGCAAAAATGCTGATGCGCCCGGTCAACGCCTCTTCCAGCGGTTTTAGCCCATCCTGAGTATGGCTGGAAACCATCAATACGCGATAACCGATATTGCGGTAGATATCCATCTGCTCGTTGACGAACGCCATGCCTTCGTCGTCCAGCAGGTCTATCTTGTTGAGCACAATAATCGGCTCAATCTGCAAGGTTTCGCAGGCCACCAGGTAACGGTCGATAATATTGAGCGACAGCTCCGGCAAAATGGCGGAGACAATGACAATCTGGTCGATGTTGGCGGCAATAGGTTTTACGCCGTCGTAGAAATCCGGACGCGTCAACACCGAGGTACGCTCATGCACCGCTTCCACGATCCCTTTGACATTTACGCCTTCCGCCGCCGGTTTACCCGGACGCCAGACTACGCGGTCGCCGGTTACCAGCGAACGGATGGTACGGCGAATATTGCAGCGGTGAACGTCGCCATCGGCGGATTCCACATCAGCGTGCATACCAAAGCGGCTGATGACGATACCTTCATCAGGCTCGCCAAACAGATTGTCGTCGTAGTCGGGCTTCTCCTTAGACGTTTTAAGACGACGCTGGTGATTGGCGTTCACGCGGCGCTGCTGGCCTTTGGAGAGTTTATTTTTACTCAATCGTACAGACTCCTGGTCGCCCCTGATGGGCAAAACATCTATGATACACGCAATTG	CCATTGTTTTGTCGTTCCTGATCCGGCCTACATGCCGGATCCTGAAAAAAAGGGGACGATTCTAACGACGGTTAGCTTAATTGTCAGTCATCCGTATCAGAAAAGTTTTTACGCGTTTTTACCTGCGCCATGCTTTCCAGAATACGGTGATAGTTTTCGAAACGGGTTTCCGCGATTTTCCCTTCCTCAACCGCTTCCCGGATAGCGCAGCCCGGATCGGTATCGTGTTTGCAATCGCGATATTTACACAGACCGAGATAGTCATGGAATTCGACAAAGCCCTGAGTGATTTGTTCCGGCTCCAGGTGCCAGAGGCCGAACTCACGCACTCCTGGGGAGTCAATCACATCACCGCCGTGCGGGAAGTGATACAGCCGAGCGGCGGTCGTGGTGTGCTGACCGAGCCCGCTGTTGTCAGAGATATCGTTGGTCAGGATCTCTTTTTGCAGCCCCAGTAGCGCATTCAGCAGGCTGGATTTGCCGACGCCAGACTGCCCGGCAAAAATGCTGATGCGCCCGGTTAGCGCCTCTTCCAGCGGTTTTAGCCCATCCTGAGTATGGCTGGAAACCATTAGTACGCGATAACCGATATTGCGGTAGATATCCATCTGCTCGTTGACGAACGCCATGCCTTCGTCGTCCAGCAGGTCTATCTTGTTGAGCACAATAATCGGCTCAATCTGTAGGGTTTCGCAGGCCACCAGGTAACGGTCGATAATATTGAGGCTCAGCTCCGGTAGAATGGCGGAGACAATGACAATCTGGTCGATGTTGGCGGCAATAGGTTTTACGCCGTCGTAGAAATCCGGACGCGTTAGCACGCTGGTACGCTCATGCACCGCTTCCACGATCCCTTTGACATTTACGCCTTCCGCCGCCGGTTTACCCGGACGCCAGACTACGCGGTCGCCGGTTACCAGGCTACGGATGGTACGGCGAATATTGCAGCGGTGAACGTCGCCATCGGCGGATTCCACATCAGCGTGCATACCAAAGCGGCTGATGACGATACCTTCATCAGGCTCGCCAAACAGATTGTCGTCGTAGTCGGGCTTCTCCTTAGACGTTTTAAGACGACGCTGGTGATTGGCGTTCACGCGGCGCTGCTGGCCTTTGGAGAGTTTATTTTTACTCAATCGTACAGACTCCTGGTCGCCCCTGATGGGCAAAACATCTATGATACACGCAATTG
rsgApool	CCATTGTTTTGT	TACACGCAATTG	1192	CTATCTCCAGCA	CAGTAGTATGCC	rsgA_6_D2r3	CCATTGTTTTGTCGTTCCTGATCCGGCCTACATGCCGGATCCTGAAAAAAAGGGGACGATTCTAACGACGGTTAGCTTAATTGTCAGTCATCCGTATCAGAAAAGTTTTTACGCGTTTTTACCTGCGCCATGCTTTCCAGAATACGGTGATAGTTTTCGAAACGGGTTTCCGCGATTTTCCCTTCCTCAACCGCTTCCCGGATAGCGCAGCCCGGATCGGTATCGTGTTTGCAATCGCGATATTTACACAGACCTAAATAGTCATGGAATTCGACAAAGCCCTGAGTGATTTGTTCCGGCTCCAGGTGCCAGAGGCCGAACTCACGCACTCCTGGGGAGTCAATCACATCACCGCCGTGCGGGAAGTGATACAGCCGAGCGGCGGTCGTGGTGTGCTGACCGAGCCCCGAGTTGTCAGAGATATCGTTGGTCAGGATCTCTTTTTGCAGCCCCAGCAACGCATTCAGCAGGCTGGATTTGCCGACGCCAGACTGCCCGGCAAAAATGCTGATGCGCCCGGTCAACGCCTCTTCCAGCGGTTTTAGCCCATCCTGAGTATGGCTGGAAACCATCAATACGCGATAACCGATATTGCGGTAGATATCCATCTGCTCGTTGACGAACGCCATGCCTTCGTCGTCCAGCAGGTCTATCTTGTTGAGCACAATAATCGGCTCAATCTGCAAGGTTTCGCAGGCCACCAGGTAACGGTCGATAATATTGAGCGACAGCTCCGGCAAAATGGCGGAGACAATGACAATCTGGTCGATGTTGGCGGCAATAGGTTTTACGCCGTCGTAGAAATCCGGACGCGTCAACACCGAGGTACGCTCATGCACCGCTTCCACGATCCCTTTGACATTTACGCCTTCCGCCGCCGGTTTACCCGGACGCCAGACTACGCGGTCGCCGGTTACCAGCGAACGGATGGTACGGCGAATATTGCAGCGGTGAACGTCGCCATCGGCGGATTCCACATCAGCGTGCATACCAAAGCGGCTGATGACGATACCTTCATCAGGCTCGCCAAACAGATTGTCGTCGTAGTCGGGCTTCTCCTTAGACGTTTTAAGACGACGCTGGTGATTGGCGTTCACGCGGCGCTGCTGGCCTTTGGAGAGTTTATTTTTACTCAATCGTACAGACTCCTGGTCGCCCCTGATGGGCAAAACATCTATGATACACGCAATTG	CCATTGTTTTGTCGTTCCTGATCCGGCCTACATGCCGGATCCTGAAAAAAAGGGGACGATTCTAACGACGGTTAGCTTAATTGTCAGTCATCCGTATCAGAAAAGTTTTTACGCGTTTTTACCTGCGCCATGCTTTCCAGAATACGGTGATAGTTTTCGAAACGGGTTTCCGCGATTTTCCCTTCCTCAACCGCTTCCCGGATAGCGCAGCCCGGATCGGTATCGTGTTTGCAATCGCGATATTTACACAGACCGAGATAGTCATGGAATTCGACAAAGCCCTGAGTGATTTGTTCCGGCTCCAGGTGCCAGAGGCCGAACTCACGCACTCCTGGGGAGTCAATCACATCACCGCCGTGCGGGAAGTGATACAGCCGAGCGGCGGTCGTGGTGTGCTGACCGAGCCCGCTGTTGTCAGAGATATCGTTGGTCAGGATCTCTTTTTGCAGCCCCAGTAGCGCATTCAGCAGGCTGGATTTGCCGACGCCAGACTGCCCGGCAAAAATGCTGATGCGCCCGGTTAGCGCCTCTTCCAGCGGTTTTAGCCCATCCTGAGTATGGCTGGAAACCATTAGTACGCGATAACCGATATTGCGGTAGATATCCATCTGCTCGTTGACGAACGCCATGCCTTCGTCGTCCAGCAGGTCTATCTTGTTGAGCACAATAATCGGCTCAATCTGTAGGGTTTCGCAGGCCACCAGGTAACGGTCGATAATATTGAGGCTCAGCTCCGGTAGAATGGCGGAGACAATGACAATCTGGTCGATGTTGGCGGCAATAGGTTTTACGCCGTCGTAGAAATCCGGACGCGTTAGCACGCTGGTACGCTCATGCACCGCTTCCACGATCCCTTTGACATTTACGCCTTCCGCCGCCGGTTTACCCGGACGCCAGACTACGCGGTCGCCGGTTACCAGGCTACGGATGGTACGGCGAATATTGCAGCGGTGAACGTCGCCATCGGCGGATTCCACATCAGCGTGCATACCAAAGCGGCTGATGACGATACCTTCATCAGGCTCGCCAAACAGATTGTCGTCGTAGTCGGGCTTCTCCTTAGACGTTTTAAGACGACGCTGGTGATTGGCGTTCACGCGGCGCTGCTGGCCTTTGGAGAGTTTATTTTTACTCAATCGTACAGACTCCTGGTCGCCCCTGATGGGCAAAACATCTATGATACACGCAATTG
rsgApool	CCATTGTTTTGT	TACACGCAATTG	1192	TGATGGGCCTAA	CAGTAGTATGCC	rsgA_6_D1r2	CCATTGTTTTGTCGTTCCTGATCCGGCCTACATGCCGGATCCTGAAAAAAAGGGGACGATTCTAACGACGGTTAGCTTAATTGTCAGTCATCCGTATCAGAAAAGTTTTTACGCGTTTTTACCTGCGCCATGCTTTCCAGAATACGGTGATAGTTTTCGAAACGGGTTTCCGCGATTTTCCCTTCCTCAACCGCTTCCCGGATAGCGCAGCCCGGATCGGTATCGTGTTTGCAATCGCGATATTTACACAGACCTAAATAGTCATGGAATTCGACAAAGCCCTGAGTGATTTGTTCCGGCTCCAGGTGCCAGAGGCCGAACTCACGCACTCCTGGGGAGTCAATCACATCACCGCCGTGCGGGAAGTGATACAGCCGAGCGGCGGTCGTGGTGTGCTGACCGAGCCCCGAGTTGTCAGAGATATCGTTGGTCAGGATCTCTTTTTGCAGCCCCAGCAACGCATTCAGCAGGCTGGATTTGCCGACGCCAGACTGCCCGGCAAAAATGCTGATGCGCCCGGTCAACGCCTCTTCCAGCGGTTTTAGCCCATCCTGAGTATGGCTGGAAACCATCAATACGCGATAACCGATATTGCGGTAGATATCCATCTGCTCGTTGACGAACGCCATGCCTTCGTCGTCCAGCAGGTCTATCTTGTTGAGCACAATAATCGGCTCAATCTGCAAGGTTTCGCAGGCCACCAGGTAACGGTCGATAATATTGAGCGACAGCTCCGGCAAAATGGCGGAGACAATGACAATCTGGTCGATGTTGGCGGCAATAGGTTTTACGCCGTCGTAGAAATCCGGACGCGTCAACACCGAGGTACGCTCATGCACCGCTTCCACGATCCCTTTGACATTTACGCCTTCCGCCGCCGGTTTACCCGGACGCCAGACTACGCGGTCGCCGGTTACCAGCGAACGGATGGTACGGCGAATATTGCAGCGGTGAACGTCGCCATCGGCGGATTCCACATCAGCGTGCATACCAAAGCGGCTGATGACGATACCTTCATCAGGCTCGCCAAACAGATTGTCGTCGTAGTCGGGCTTCTCCTTAGACGTTTTAAGACGACGCTGGTGATTGGCGTTCACGCGGCGCTGCTGGCCTTTGGAGAGTTTATTTTTACTCAATCGTACAGACTCCTGGTCGCCCCTGATGGGCAAAACATCTATGATACACGCAATTG	CCATTGTTTTGTCGTTCCTGATCCGGCCTACATGCCGGATCCTGAAAAAAAGGGGACGATTCTAACGACGGTTAGCTTAATTGTCAGTCATCCGTATCAGAAAAGTTTTTACGCGTTTTTACCTGCGCCATGCTTTCCAGAATACGGTGATAGTTTTCGAAACGGGTTTCCGCGATTTTCCCTTCCTCAACCGCTTCCCGGATAGCGCAGCCCGGATCGGTATCGTGTTTGCAATCGCGATATTTACACAGACCGAGATAGTCATGGAATTCGACAAAGCCCTGAGTGATTTGTTCCGGCTCCAGGTGCCAGAGGCCGAACTCACGCACTCCTGGGGAGTCAATCACATCACCGCCGTGCGGGAAGTGATACAGCCGAGCGGCGGTCGTGGTGTGCTGACCGAGCCCGCTGTTGTCAGAGATATCGTTGGTCAGGATCTCTTTTTGCAGCCCCAGTAGCGCATTCAGCAGGCTGGATTTGCCGACGCCAGACTGCCCGGCAAAAATGCTGATGCGCCCGGTTAGCGCCTCTTCCAGCGGTTTTAGCCCATCCTGAGTATGGCTGGAAACCATTAGTACGCGATAACCGATATTGCGGTAGATATCCATCTGCTCGTTGACGAACGCCATGCCTTCGTCGTCCAGCAGGTCTATCTTGTTGAGCACAATAATCGGCTCAATCTGTAGGGTTTCGCAGGCCACCAGGTAACGGTCGATAATATTGAGGCTCAGCTCCGGTAGAATGGCGGAGACAATGACAATCTGGTCGATGTTGGCGGCAATAGGTTTTACGCCGTCGTAGAAATCCGGACGCGTTAGCACGCTGGTACGCTCATGCACCGCTTCCACGATCCCTTTGACATTTACGCCTTCCGCCGCCGGTTTACCCGGACGCCAGACTACGCGGTCGCCGGTTACCAGGCTACGGATGGTACGGCGAATATTGCAGCGGTGAACGTCGCCATCGGCGGATTCCACATCAGCGTGCATACCAAAGCGGCTGATGACGATACCTTCATCAGGCTCGCCAAACAGATTGTCGTCGTAGTCGGGCTTCTCCTTAGACGTTTTAAGACGACGCTGGTGATTGGCGTTCACGCGGCGCTGCTGGCCTTTGGAGAGTTTATTTTTACTCAATCGTACAGACTCCTGGTCGCCCCTGATGGGCAAAACATCTATGATACACGCAATTG
rsgApool	CCATTGTTTTGT	TACACGCAATTG	1192	CACTTCCTGAAC	CAGTAGTATGCC	rsgA_6_D1r3	CCATTGTTTTGTCGTTCCTGATCCGGCCTACATGCCGGATCCTGAAAAAAAGGGGACGATTCTAACGACGGTTAGCTTAATTGTCAGTCATCCGTATCAGAAAAGTTTTTACGCGTTTTTACCTGCGCCATGCTTTCCAGAATACGGTGATAGTTTTCGAAACGGGTTTCCGCGATTTTCCCTTCCTCAACCGCTTCCCGGATAGCGCAGCCCGGATCGGTATCGTGTTTGCAATCGCGATATTTACACAGACCTAAATAGTCATGGAATTCGACAAAGCCCTGAGTGATTTGTTCCGGCTCCAGGTGCCAGAGGCCGAACTCACGCACTCCTGGGGAGTCAATCACATCACCGCCGTGCGGGAAGTGATACAGCCGAGCGGCGGTCGTGGTGTGCTGACCGAGCCCCGAGTTGTCAGAGATATCGTTGGTCAGGATCTCTTTTTGCAGCCCCAGCAACGCATTCAGCAGGCTGGATTTGCCGACGCCAGACTGCCCGGCAAAAATGCTGATGCGCCCGGTCAACGCCTCTTCCAGCGGTTTTAGCCCATCCTGAGTATGGCTGGAAACCATCAATACGCGATAACCGATATTGCGGTAGATATCCATCTGCTCGTTGACGAACGCCATGCCTTCGTCGTCCAGCAGGTCTATCTTGTTGAGCACAATAATCGGCTCAATCTGCAAGGTTTCGCAGGCCACCAGGTAACGGTCGATAATATTGAGCGACAGCTCCGGCAAAATGGCGGAGACAATGACAATCTGGTCGATGTTGGCGGCAATAGGTTTTACGCCGTCGTAGAAATCCGGACGCGTCAACACCGAGGTACGCTCATGCACCGCTTCCACGATCCCTTTGACATTTACGCCTTCCGCCGCCGGTTTACCCGGACGCCAGACTACGCGGTCGCCGGTTACCAGCGAACGGATGGTACGGCGAATATTGCAGCGGTGAACGTCGCCATCGGCGGATTCCACATCAGCGTGCATACCAAAGCGGCTGATGACGATACCTTCATCAGGCTCGCCAAACAGATTGTCGTCGTAGTCGGGCTTCTCCTTAGACGTTTTAAGACGACGCTGGTGATTGGCGTTCACGCGGCGCTGCTGGCCTTTGGAGAGTTTATTTTTACTCAATCGTACAGACTCCTGGTCGCCCCTGATGGGCAAAACATCTATGATACACGCAATTG	CCATTGTTTTGTCGTTCCTGATCCGGCCTACATGCCGGATCCTGAAAAAAAGGGGACGATTCTAACGACGGTTAGCTTAATTGTCAGTCATCCGTATCAGAAAAGTTTTTACGCGTTTTTACCTGCGCCATGCTTTCCAGAATACGGTGATAGTTTTCGAAACGGGTTTCCGCGATTTTCCCTTCCTCAACCGCTTCCCGGATAGCGCAGCCCGGATCGGTATCGTGTTTGCAATCGCGATATTTACACAGACCGAGATAGTCATGGAATTCGACAAAGCCCTGAGTGATTTGTTCCGGCTCCAGGTGCCAGAGGCCGAACTCACGCACTCCTGGGGAGTCAATCACATCACCGCCGTGCGGGAAGTGATACAGCCGAGCGGCGGTCGTGGTGTGCTGACCGAGCCCGCTGTTGTCAGAGATATCGTTGGTCAGGATCTCTTTTTGCAGCCCCAGTAGCGCATTCAGCAGGCTGGATTTGCCGACGCCAGACTGCCCGGCAAAAATGCTGATGCGCCCGGTTAGCGCCTCTTCCAGCGGTTTTAGCCCATCCTGAGTATGGCTGGAAACCATTAGTACGCGATAACCGATATTGCGGTAGATATCCATCTGCTCGTTGACGAACGCCATGCCTTCGTCGTCCAGCAGGTCTATCTTGTTGAGCACAATAATCGGCTCAATCTGTAGGGTTTCGCAGGCCACCAGGTAACGGTCGATAATATTGAGGCTCAGCTCCGGTAGAATGGCGGAGACAATGACAATCTGGTCGATGTTGGCGGCAATAGGTTTTACGCCGTCGTAGAAATCCGGACGCGTTAGCACGCTGGTACGCTCATGCACCGCTTCCACGATCCCTTTGACATTTACGCCTTCCGCCGCCGGTTTACCCGGACGCCAGACTACGCGGTCGCCGGTTACCAGGCTACGGATGGTACGGCGAATATTGCAGCGGTGAACGTCGCCATCGGCGGATTCCACATCAGCGTGCATACCAAAGCGGCTGATGACGATACCTTCATCAGGCTCGCCAAACAGATTGTCGTCGTAGTCGGGCTTCTCCTTAGACGTTTTAAGACGACGCTGGTGATTGGCGTTCACGCGGCGCTGCTGGCCTTTGGAGAGTTTATTTTTACTCAATCGTACAGACTCCTGGTCGCCCCTGATGGGCAAAACATCTATGATACACGCAATTG
rsgApool	CCATTGTTTTGT	TACACGCAATTG	1192	GGGCGAAGTAAA	AGATGGGTACTG	rsgA_6_D1r4	CCATTGTTTTGTCGTTCCTGATCCGGCCTACATGCCGGATCCTGAAAAAAAGGGGACGATTCTAACGACGGTTAGCTTAATTGTCAGTCATCCGTATCAGAAAAGTTTTTACGCGTTTTTACCTGCGCCATGCTTTCCAGAATACGGTGATAGTTTTCGAAACGGGTTTCCGCGATTTTCCCTTCCTCAACCGCTTCCCGGATAGCGCAGCCCGGATCGGTATCGTGTTTGCAATCGCGATATTTACACAGACCTAAATAGTCATGGAATTCGACAAAGCCCTGAGTGATTTGTTCCGGCTCCAGGTGCCAGAGGCCGAACTCACGCACTCCTGGGGAGTCAATCACATCACCGCCGTGCGGGAAGTGATACAGCCGAGCGGCGGTCGTGGTGTGCTGACCGAGCCCCGAGTTGTCAGAGATATCGTTGGTCAGGATCTCTTTTTGCAGCCCCAGCAACGCATTCAGCAGGCTGGATTTGCCGACGCCAGACTGCCCGGCAAAAATGCTGATGCGCCCGGTCAACGCCTCTTCCAGCGGTTTTAGCCCATCCTGAGTATGGCTGGAAACCATCAATACGCGATAACCGATATTGCGGTAGATATCCATCTGCTCGTTGACGAACGCCATGCCTTCGTCGTCCAGCAGGTCTATCTTGTTGAGCACAATAATCGGCTCAATCTGCAAGGTTTCGCAGGCCACCAGGTAACGGTCGATAATATTGAGCGACAGCTCCGGCAAAATGGCGGAGACAATGACAATCTGGTCGATGTTGGCGGCAATAGGTTTTACGCCGTCGTAGAAATCCGGACGCGTCAACACCGAGGTACGCTCATGCACCGCTTCCACGATCCCTTTGACATTTACGCCTTCCGCCGCCGGTTTACCCGGACGCCAGACTACGCGGTCGCCGGTTACCAGCGAACGGATGGTACGGCGAATATTGCAGCGGTGAACGTCGCCATCGGCGGATTCCACATCAGCGTGCATACCAAAGCGGCTGATGACGATACCTTCATCAGGCTCGCCAAACAGATTGTCGTCGTAGTCGGGCTTCTCCTTAGACGTTTTAAGACGACGCTGGTGATTGGCGTTCACGCGGCGCTGCTGGCCTTTGGAGAGTTTATTTTTACTCAATCGTACAGACTCCTGGTCGCCCCTGATGGGCAAAACATCTATGATACACGCAATTG	CCATTGTTTTGTCGTTCCTGATCCGGCCTACATGCCGGATCCTGAAAAAAAGGGGACGATTCTAACGACGGTTAGCTTAATTGTCAGTCATCCGTATCAGAAAAGTTTTTACGCGTTTTTACCTGCGCCATGCTTTCCAGAATACGGTGATAGTTTTCGAAACGGGTTTCCGCGATTTTCCCTTCCTCAACCGCTTCCCGGATAGCGCAGCCCGGATCGGTATCGTGTTTGCAATCGCGATATTTACACAGACCGAGATAGTCATGGAATTCGACAAAGCCCTGAGTGATTTGTTCCGGCTCCAGGTGCCAGAGGCCGAACTCACGCACTCCTGGGGAGTCAATCACATCACCGCCGTGCGGGAAGTGATACAGCCGAGCGGCGGTCGTGGTGTGCTGACCGAGCCCGCTGTTGTCAGAGATATCGTTGGTCAGGATCTCTTTTTGCAGCCCCAGTAGCGCATTCAGCAGGCTGGATTTGCCGACGCCAGACTGCCCGGCAAAAATGCTGATGCGCCCGGTTAGCGCCTCTTCCAGCGGTTTTAGCCCATCCTGAGTATGGCTGGAAACCATTAGTACGCGATAACCGATATTGCGGTAGATATCCATCTGCTCGTTGACGAACGCCATGCCTTCGTCGTCCAGCAGGTCTATCTTGTTGAGCACAATAATCGGCTCAATCTGTAGGGTTTCGCAGGCCACCAGGTAACGGTCGATAATATTGAGGCTCAGCTCCGGTAGAATGGCGGAGACAATGACAATCTGGTCGATGTTGGCGGCAATAGGTTTTACGCCGTCGTAGAAATCCGGACGCGTTAGCACGCTGGTACGCTCATGCACCGCTTCCACGATCCCTTTGACATTTACGCCTTCCGCCGCCGGTTTACCCGGACGCCAGACTACGCGGTCGCCGGTTACCAGGCTACGGATGGTACGGCGAATATTGCAGCGGTGAACGTCGCCATCGGCGGATTCCACATCAGCGTGCATACCAAAGCGGCTGATGACGATACCTTCATCAGGCTCGCCAAACAGATTGTCGTCGTAGTCGGGCTTCTCCTTAGACGTTTTAAGACGACGCTGGTGATTGGCGTTCACGCGGCGCTGCTGGCCTTTGGAGAGTTTATTTTTACTCAATCGTACAGACTCCTGGTCGCCCCTGATGGGCAAAACATCTATGATACACGCAATTG
rsgApool	CCATTGTTTTGT	TACACGCAATTG	1192	GGCACTTTTCAC	AGATGGGTACTG	rsgA_6_D1r5	CCATTGTTTTGTCGTTCCTGATCCGGCCTACATGCCGGATCCTGAAAAAAAGGGGACGATTCTAACGACGGTTAGCTTAATTGTCAGTCATCCGTATCAGAAAAGTTTTTACGCGTTTTTACCTGCGCCATGCTTTCCAGAATACGGTGATAGTTTTCGAAACGGGTTTCCGCGATTTTCCCTTCCTCAACCGCTTCCCGGATAGCGCAGCCCGGATCGGTATCGTGTTTGCAATCGCGATATTTACACAGACCTAAATAGTCATGGAATTCGACAAAGCCCTGAGTGATTTGTTCCGGCTCCAGGTGCCAGAGGCCGAACTCACGCACTCCTGGGGAGTCAATCACATCACCGCCGTGCGGGAAGTGATACAGCCGAGCGGCGGTCGTGGTGTGCTGACCGAGCCCCGAGTTGTCAGAGATATCGTTGGTCAGGATCTCTTTTTGCAGCCCCAGCAACGCATTCAGCAGGCTGGATTTGCCGACGCCAGACTGCCCGGCAAAAATGCTGATGCGCCCGGTCAACGCCTCTTCCAGCGGTTTTAGCCCATCCTGAGTATGGCTGGAAACCATCAATACGCGATAACCGATATTGCGGTAGATATCCATCTGCTCGTTGACGAACGCCATGCCTTCGTCGTCCAGCAGGTCTATCTTGTTGAGCACAATAATCGGCTCAATCTGCAAGGTTTCGCAGGCCACCAGGTAACGGTCGATAATATTGAGCGACAGCTCCGGCAAAATGGCGGAGACAATGACAATCTGGTCGATGTTGGCGGCAATAGGTTTTACGCCGTCGTAGAAATCCGGACGCGTCAACACCGAGGTACGCTCATGCACCGCTTCCACGATCCCTTTGACATTTACGCCTTCCGCCGCCGGTTTACCCGGACGCCAGACTACGCGGTCGCCGGTTACCAGCGAACGGATGGTACGGCGAATATTGCAGCGGTGAACGTCGCCATCGGCGGATTCCACATCAGCGTGCATACCAAAGCGGCTGATGACGATACCTTCATCAGGCTCGCCAAACAGATTGTCGTCGTAGTCGGGCTTCTCCTTAGACGTTTTAAGACGACGCTGGTGATTGGCGTTCACGCGGCGCTGCTGGCCTTTGGAGAGTTTATTTTTACTCAATCGTACAGACTCCTGGTCGCCCCTGATGGGCAAAACATCTATGATACACGCAATTG	CCATTGTTTTGTCGTTCCTGATCCGGCCTACATGCCGGATCCTGAAAAAAAGGGGACGATTCTAACGACGGTTAGCTTAATTGTCAGTCATCCGTATCAGAAAAGTTTTTACGCGTTTTTACCTGCGCCATGCTTTCCAGAATACGGTGATAGTTTTCGAAACGGGTTTCCGCGATTTTCCCTTCCTCAACCGCTTCCCGGATAGCGCAGCCCGGATCGGTATCGTGTTTGCAATCGCGATATTTACACAGACCGAGATAGTCATGGAATTCGACAAAGCCCTGAGTGATTTGTTCCGGCTCCAGGTGCCAGAGGCCGAACTCACGCACTCCTGGGGAGTCAATCACATCACCGCCGTGCGGGAAGTGATACAGCCGAGCGGCGGTCGTGGTGTGCTGACCGAGCCCGCTGTTGTCAGAGATATCGTTGGTCAGGATCTCTTTTTGCAGCCCCAGTAGCGCATTCAGCAGGCTGGATTTGCCGACGCCAGACTGCCCGGCAAAAATGCTGATGCGCCCGGTTAGCGCCTCTTCCAGCGGTTTTAGCCCATCCTGAGTATGGCTGGAAACCATTAGTACGCGATAACCGATATTGCGGTAGATATCCATCTGCTCGTTGACGAACGCCATGCCTTCGTCGTCCAGCAGGTCTATCTTGTTGAGCACAATAATCGGCTCAATCTGTAGGGTTTCGCAGGCCACCAGGTAACGGTCGATAATATTGAGGCTCAGCTCCGGTAGAATGGCGGAGACAATGACAATCTGGTCGATGTTGGCGGCAATAGGTTTTACGCCGTCGTAGAAATCCGGACGCGTTAGCACGCTGGTACGCTCATGCACCGCTTCCACGATCCCTTTGACATTTACGCCTTCCGCCGCCGGTTTACCCGGACGCCAGACTACGCGGTCGCCGGTTACCAGGCTACGGATGGTACGGCGAATATTGCAGCGGTGAACGTCGCCATCGGCGGATTCCACATCAGCGTGCATACCAAAGCGGCTGATGACGATACCTTCATCAGGCTCGCCAAACAGATTGTCGTCGTAGTCGGGCTTCTCCTTAGACGTTTTAAGACGACGCTGGTGATTGGCGTTCACGCGGCGCTGCTGGCCTTTGGAGAGTTTATTTTTACTCAATCGTACAGACTCCTGGTCGCCCCTGATGGGCAAAACATCTATGATACACGCAATTG
